"term","hazard.ratio","confint.low","confint.high","p.value","padj.FDR","samples.with.microbe","samples.without.microbe","pass.prevalence.split"
"g__Reinekea",3.01572211788045,1.58303600317965,5.7450240386234,0.000788301318882613,0.132609799643142,17,481,"Yes"
"g__Desulfallas",2.14192062007343,1.3469618978078,3.40605324483379,0.00128858263667875,0.17735582835742,32,466,"Yes"
"g__Prasinovirus",2.68265818674765,1.36341221281948,5.27841461243901,0.00426789725793237,0.443129943637085,15,483,"Yes"
"g__Psychrobacillus",1.77979455885387,1.17441170717237,2.69723867054481,0.00656972030866923,0.616229274215844,50,448,"Yes"
"g__Amycolatopsis",0.663696840195603,0.492203047315464,0.894942642245175,0.00719443245787503,0.616229274215844,372,126,"Yes"
"g__Pseudarthrobacter",0.600692539705618,0.411769154570844,0.876295670165127,0.00816058699220991,0.616229274215844,102,396,"Yes"
"g__Crocosphaera",2.26184432183071,1.22549299969297,4.17459727430475,0.00904649326609878,0.616229274215844,19,479,"Yes"
"g__Dermatophilus",0.548801501554934,0.348978334088458,0.863042368792461,0.00938711382475777,0.616229274215844,79,419,"Yes"
"g__Cyanobium",0.691572529177141,0.522861802442332,0.914720794057656,0.00974676139386554,0.616229274215844,220,278,"Yes"
"g__Echinicola",0.700205873520903,0.533821062579657,0.918450581443683,0.0100388759629918,0.616229274215844,287,211,"Yes"
"g__Alicycliphilus",0.694853970663304,0.525697518425457,0.91844078319541,0.0105371639337035,0.616229274215844,226,272,"Yes"
"g__Rhizobacter",0.621087255445947,0.430577632433028,0.895888104306901,0.0108296249535629,0.616229274215844,111,387,"Yes"
"g__Roseburia",1.56681896941812,1.10733782004571,2.21695822041655,0.0112219054183916,0.616229274215844,79,419,"Yes"
"g__Eubacterium",1.52255489289511,1.09872926704612,2.10986770936862,0.0115492336423936,0.616229274215844,98,400,"Yes"
"g__Solibacillus",1.42001129001265,1.0798946250468,1.86724891206493,0.0120669963894068,0.616229274215844,209,289,"Yes"
"g__Lymphocryptovirus",0.509444394766296,0.299362218745365,0.866955063489675,0.0129089194767277,0.616229274215844,58,440,"Yes"
"g__Lachnoclostridium",2.35298934497281,1.19731182734842,4.6241578268018,0.0130508078987753,0.616229274215844,465,33,"Yes"
"g__Owenweeksia",0.412068932200949,0.202644755597226,0.837923509961071,0.0143539008218192,0.616229274215844,37,461,"Yes"
"g__Myroides",0.698046830739522,0.52300955041216,0.93166439794741,0.0146659423455751,0.616229274215844,186,312,"Yes"
"g__Phreatobacter",0.70509625112488,0.532180293256209,0.934196041549044,0.0149268743417131,0.616229274215844,342,156,"Yes"
"g__Nakamurella",1.45203779272299,1.07483446181298,1.96161718516121,0.0150909832684859,0.616229274215844,113,385,"Yes"
"g__Trueperella",0.178656689091855,0.0443341884168386,0.719945795717802,0.0154335363638181,0.616229274215844,23,475,"Yes"
"g__Planococcus",0.668725631144921,0.481312867003019,0.929112850306095,0.016477262001117,0.616229274215844,140,358,"Yes"
"g__Brevirhabdus",0.513262828284539,0.29757911430845,0.885272918130882,0.0164796702072334,0.616229274215844,48,450,"Yes"
"g__Terribacillus",2.27786805839299,1.16018898279054,4.47227388676541,0.0167743769001929,0.616229274215844,13,485,"Yes"
"g__Ignavibacterium",5.3851604990015,1.33507620225374,21.7215718106962,0.0179770876137395,0.616229274215844,480,18,"Yes"
"g__Geodermatophilus",0.720387755364569,0.548727716245596,0.945748688675552,0.0181956412219293,0.616229274215844,273,225,"Yes"
"g__Moraxella",1.48802126911816,1.06956677865344,2.07019079270176,0.0183159295506691,0.616229274215844,378,120,"Yes"
"g__Thalassospira",0.37894309612773,0.168070383622259,0.854391279463064,0.0193179835064598,0.635813631060438,30,468,"Yes"
"g__Pandoravirus",0.723410115414862,0.550727048287994,0.950238773837891,0.0199777279377227,0.638336259894451,267,231,"Yes"
"g__Pseudobacter",1.87308436601884,1.10277485460088,3.18146993249496,0.0202378734973142,0.638336259894451,31,467,"Yes"
"g__Salegentibacter",1.6504414327238,1.07807367635867,2.52668902189682,0.0211137052516719,0.652370403082271,47,451,"Yes"
"g__Paucibacter",0.69577154292961,0.509831994279524,0.949524638277672,0.0222286256835731,0.673082785698593,149,349,"Yes"
"g__Ectothiorhodospira",1.69016110013812,1.07297145665508,2.66236769552612,0.023588685316173,0.700260187621294,36,462,"Yes"
"g__Halanaerobium",0.731889014208216,0.557750103287064,0.960397005687291,0.024357676579822,0.709183121958663,236,262,"Yes"
"g__Peptoniphilus",0.671873463719393,0.47376322006103,0.952826078799751,0.0256770827476375,0.733492514715532,115,383,"Yes"
"g__Syntrophus",1.71443986866378,1.0652226216297,2.75933312303018,0.0264064779714721,0.740359400903867,36,462,"Yes"
"g__Muriicola",1.71408214593949,1.06184562792145,2.76695361903009,0.0274139097351183,0.741188979630244,33,465,"Yes"
"g__Chondrocystis",0.715548542932068,0.529747014244763,0.966517419682215,0.0291111657621615,0.773233420419518,167,331,"Yes"
"g__Alphapapillomavirus",0.669392885871217,0.465548185468223,0.962492926922988,0.030289419323026,0.790658290604506,111,387,"Yes"
"g__Acetohalobium",2.09355096223848,1.06824607615618,4.1029456876272,0.0313759449263249,0.792969337138262,15,483,"Yes"
"g__Simkania",1.50275658493718,1.03651197600266,2.17872770007075,0.0316192190126549,0.792969337138262,75,423,"Yes"
"g__Plantactinospora",0.734248259912798,0.553206602222789,0.97453736997856,0.0324745067760957,0.792969337138262,185,313,"Yes"
"g__Anaerostipes",0.696271739444521,0.499569557744448,0.970424093369382,0.032581464814338,0.792969337138262,410,88,"Yes"
"g__Planctopirus",0.529229788718194,0.294780912747914,0.950143503715322,0.0330682633402907,0.792969337138262,49,449,"Yes"
"g__Gemmobacter",0.591988138173049,0.362966757625812,0.965515294099955,0.0356786077167217,0.792969337138262,52,446,"Yes"
"g__Formosa",0.667368258944424,0.457075982322258,0.974412155247525,0.0362429351746709,0.792969337138262,95,403,"Yes"
"g__Elusimicrobium",0.536040458838831,0.29896963141534,0.961098865299002,0.036335087572208,0.792969337138262,45,453,"Yes"
"g__Petrotoga",0.574330021320799,0.341472265799585,0.96597881124538,0.0365780209239883,0.792969337138262,45,453,"Yes"
"g__Neokomagataea",0.34766668400739,0.128927354301865,0.937521163163635,0.0368489849330146,0.792969337138262,24,474,"Yes"
"g__Mesoplasma",1.34207526326023,1.01788695626125,1.76951477880294,0.0370112455187583,0.792969337138262,181,317,"Yes"
"g__Catenovulum",1.78318359026237,1.03216093701894,3.08066659232876,0.0381314591495699,0.792969337138262,23,475,"Yes"
"g__Prosthecochloris",0.570136868557357,0.335151282593207,0.969878576543981,0.0381917438786321,0.792969337138262,45,453,"Yes"
"g__Moritella",0.730823285944068,0.543262046092129,0.983140050220825,0.0382343207470892,0.792969337138262,175,323,"Yes"
"g__Phyllobacterium",1.81950526183484,1.02709597355042,3.22326197658116,0.040208514488594,0.810215956684373,24,474,"Yes"
"g__Gloeothece",1.55559697523011,1.01485552331506,2.38445955483439,0.0425977624076428,0.810215956684373,45,453,"Yes"
"g__Paludisphaera",1.6416114306386,1.01603061530652,2.65236898239558,0.0428742976613955,0.810215956684373,33,465,"Yes"
"g__Frateuria",0.307237017910973,0.0977757201115775,0.965419483150915,0.0433617985091274,0.810215956684373,17,481,"Yes"
"g__Saccharophagus",1.37335593955634,1.00865707496685,1.86991851197462,0.0439357716712469,0.810215956684373,112,386,"Yes"
"g__Schizosaccharomyces",1.51061395223105,1.0108267071132,2.25751307975636,0.0441673387133007,0.810215956684373,416,82,"Yes"
"g__Catenulispora",1.46784968575814,1.00916008724366,2.13502567849777,0.0446791608299161,0.810215956684373,62,436,"Yes"
"g__Grimontia",0.310395095617967,0.0988182792092997,0.974972607847433,0.0451379525827755,0.810215956684373,17,481,"Yes"
"g__Geitlerinema",0.311273085617899,0.0989947683139363,0.978748023560431,0.0458561526386595,0.810215956684373,18,480,"Yes"
"g__Minicystis",1.99118294449101,1.01135720122015,3.92028604102345,0.0463011486336791,0.810215956684373,467,31,"Yes"
"g__Nostoc",1.82020988507445,1.00945105045654,3.28214431420355,0.0464548607703206,0.810215956684373,457,41,"Yes"
"g__Mycolicibacterium",1.77801363596701,1.00874715606479,3.13391960579823,0.0465820890923486,0.810215956684373,457,41,"Yes"
"g__Cryptosporidium",1.68764954040872,1.00607708506241,2.83095700471607,0.0473763276260443,0.810215956684373,444,54,"Yes"
"g__Terasakiella",1.31531867548254,1.00082554896785,1.72863614428845,0.0493121333755092,0.810215956684373,258,240,"Yes"
"g__Sinorhizobium",1.34243539011285,1.00082877357074,1.80064045340924,0.0493571816074958,0.810215956684373,328,170,"Yes"
"g__Confluentimicrobium",1.8501118867409,0.997901156374746,3.43011326481973,0.0507848227040287,0.810215956684373,19,479,"Yes"
"g__Zhihengliuella",2.06531360288665,0.995678717229407,4.28403279537595,0.0513754254686613,0.810215956684373,13,485,"Yes"
"g__Fastidiosipila",0.318708383489586,0.100655279887356,1.00913766093759,0.051835682470904,0.810215956684373,17,481,"Yes"
"g__Nitrospira",0.66359978462682,0.438304443640315,1.00470045546273,0.052647122583802,0.810215956684373,81,417,"Yes"
"g__Providencia",0.719708113535497,0.515762766323387,1.0042984924663,0.0530230319642939,0.810215956684373,405,93,"Yes"
"g__Lentibacillus",0.323102665044975,0.102833994436225,1.01518308932275,0.0530926920925715,0.810215956684373,16,482,"Yes"
"g__Pajaroellobacter",2.26747975001619,0.984098256078285,5.2245437739344,0.0545648917785091,0.81182926168883,12,486,"Yes"
"g__Streptomonospora",1.30150694166678,0.993951717985256,1.70422797059037,0.0553831267010246,0.81182926168883,230,268,"Yes"
"g__Xanthobacter",1.43953616890289,0.990836918966012,2.09142830864852,0.055919573642079,0.81182926168883,64,434,"Yes"
"g__Methylococcus",0.565917225905508,0.31366323683691,1.02103870956068,0.0586491776775119,0.81182926168883,41,457,"Yes"
"g__Enterobacter",0.748188419867753,0.55350333418943,1.01135056836464,0.0592188095403776,0.81182926168883,366,132,"Yes"
"g__Phoenicibacter",0.456700062523837,0.202290514430841,1.03106637350801,0.0592505887567156,0.81182926168883,21,477,"Yes"
"g__Rhodothermus",0.618608084341961,0.375521129559618,1.01905307555397,0.059314500172413,0.81182926168883,57,441,"Yes"
"g__Maribacter",1.63987423382677,0.979029894216634,2.74678793635885,0.0601850804215905,0.81182926168883,31,467,"Yes"
"g__Proteiniphilum",1.74056883114485,0.976318580821126,3.10306483505102,0.0602826495568662,0.81182926168883,21,477,"Yes"
"g__Changchengzhania",1.84888662311014,0.973724251315213,3.51062607355049,0.0603026994527988,0.81182926168883,18,480,"Yes"
"g__Tamlana",1.79398132218639,0.974327049511702,3.30317113331355,0.0605922764668677,0.81182926168883,21,477,"Yes"
"g__Frischella",0.386468695688958,0.142609538492668,1.04732161905989,0.0616137923348134,0.813008226225632,16,482,"Yes"
"g__Bacteroides",1.96383592051197,0.965946827830634,3.99261264862221,0.0622850979583794,0.813008226225632,465,33,"Yes"
"g__Sphaerotilus",0.720010788168791,0.509484581813421,1.01752938868971,0.0626751962689887,0.813008226225632,107,391,"Yes"
"g__Sphingopyxis",0.604123971957681,0.354923513275506,1.02829415308595,0.0632901032583348,0.813008226225632,469,29,"Yes"
"g__Caloramator",0.562338508720267,0.305737505555165,1.03430096943954,0.064099046203359,0.813008226225632,47,451,"Yes"
"g__Cyprinivirus",1.96528229167405,0.959850557389914,4.0238914862646,0.0646184656152008,0.813008226225632,14,484,"Yes"
"g__Erwinia",0.710618737675402,0.494384266674133,1.02143013921645,0.0649762188727223,0.813008226225632,92,406,"Yes"
"g__Sediminispirochaeta",0.493196330781498,0.231270827501809,1.05176525428582,0.0673477801017412,0.833629132724861,29,469,"Yes"
"g__Pseudodesulfovibrio",0.774250890858819,0.588277432713842,1.01901655351664,0.0679173266567952,0.833629132724861,225,273,"Yes"
"g__Clostridioides",1.34933548274149,0.977772404317716,1.86209616567742,0.0682760980567257,0.833629132724861,360,138,"Yes"
"g__Methylocella",0.637422494393274,0.391232086803307,1.03853300908526,0.0705829498743775,0.834545677818756,51,447,"Yes"
"g__Roseivivax",1.62974788169753,0.959664541467298,2.76771522040038,0.0706697072432506,0.834545677818756,31,467,"Yes"
"g__Rummeliibacillus",0.62993302509427,0.381357696270113,1.04053391339808,0.0711072605274898,0.834545677818756,52,446,"Yes"
"g__Kytococcus",1.31148446948778,0.974418119815148,1.76514730045653,0.0736164493207733,0.850803849401915,125,373,"Yes"
"g__Alphabaculovirus",1.308980871109,0.973365502726659,1.76031605407166,0.0748536583470698,0.856025515856984,146,352,"Yes"
"g__Carboxydothermus",0.405873812998895,0.150215451787121,1.0966485146396,0.0753967047411935,0.856025515856984,19,479,"Yes"
"g__Tistrella",0.669141068947003,0.429383997396788,1.04277237360054,0.0759094128103324,0.856025515856984,71,427,"Yes"
"g__Herbaspirillum",0.751375955406705,0.547742458497526,1.03071401094587,0.0763298841748302,0.856025515856984,388,110,"Yes"
"g__Vogesella",1.40761652401045,0.959878435714142,2.06420334590926,0.0800614804697951,0.869223413683903,62,436,"Yes"
"g__Pelosinus",1.45555332059283,0.955739593803072,2.21674971176863,0.0802844117721823,0.869223413683903,48,450,"Yes"
"g__Archaeoglobus",0.667686308538155,0.424463961340268,1.05027763770958,0.0805126969165707,0.869223413683903,57,441,"Yes"
"g__Cystobacter",0.691890466496399,0.457497678925567,1.04637124881783,0.0809514539824507,0.869223413683903,79,419,"Yes"
"g__Microcoleus",0.781642015032324,0.592144971394936,1.03178152171845,0.0820168045116679,0.871952172596855,227,271,"Yes"
"g__Rippkaea",1.31445064312694,0.96554116877755,1.78944259352951,0.082357437702345,0.871952172596855,107,391,"Yes"
"g__Coraliomargarita",1.517979038879,0.944980830519604,2.43842021769795,0.084356363984865,0.886759425782534,432,66,"Yes"
"g__Kosakonia",0.738401153533582,0.522940521709451,1.04263533022339,0.0849274218880234,0.886759425782534,111,387,"Yes"
"g__Lonsdalea",1.28664050696184,0.963848762622367,1.71753480250471,0.0872429216142363,0.897051056318356,138,360,"Yes"
"g__Marichromatium",0.725553713257304,0.501431551423427,1.04985055154004,0.0887749258804253,0.897051056318356,96,402,"Yes"
"g__Aromatoleum",1.78988096391309,0.914596037196054,3.50282937459492,0.089250321280065,0.897051056318356,16,482,"Yes"
"g__Filomicrobium",0.424649184987432,0.156765080418085,1.15030037192956,0.0920727257919911,0.897051056318356,17,481,"Yes"
"g__Betterkatzvirus",0.425360422879314,0.157144997324433,1.15136652411866,0.0924653566862298,0.897051056318356,22,476,"Yes"
"g__Vampirococcus",1.9162125938673,0.894644550800426,4.10427884639824,0.094230635824303,0.897051056318356,14,484,"Yes"
"g__Desulfobulbus",0.429363799736422,0.159229918205024,1.15778036315214,0.0948221852136752,0.897051056318356,19,479,"Yes"
"g__Pelagibacterium",0.601419574069623,0.331115045686805,1.09238619261118,0.0949634172747457,0.897051056318356,33,465,"Yes"
"g__Syntrophobacter",1.3264923786035,0.951974356996696,1.84835023922739,0.0950785859552143,0.897051056318356,98,400,"Yes"
"g__Nitrosococcus",1.342944176484,0.9497737364516,1.89887232288633,0.0952382503439196,0.897051056318356,81,417,"Yes"
"g__Sulfodiicoccus",0.579434423813816,0.305069774604622,1.10054905287022,0.0954656471905638,0.897051056318356,37,461,"Yes"
"g__Desulfocurvibacter",1.48295605208795,0.931692683306914,2.36039060070608,0.0965910064882832,0.897051056318356,33,465,"Yes"
"g__Marinilactibacillus",0.469134772065703,0.191992309258684,1.14633463814741,0.0968408913767382,0.897051056318356,22,476,"Yes"
"g__Stanieria",1.27871352394842,0.956006618745996,1.71035246437244,0.0975640416196256,0.897051056318356,323,175,"Yes"
"g__Blastococcus",1.71128500495036,0.905145867858591,3.23538610975071,0.0982739583604542,0.897051056318356,460,38,"Yes"
"g__Tateyamaria",0.751350506535425,0.534869582729913,1.05544903262166,0.0992025674602505,0.897051056318356,113,385,"Yes"
"g__Halomicronema",1.27374439186311,0.955262323022723,1.69840758574975,0.0993132428900516,0.897051056318356,163,335,"Yes"
"g__Pseudonocardia",0.745369691524419,0.52522916897707,1.05777822302832,0.0998760350512151,0.897051056318356,410,88,"Yes"
"g__Microbulbifer",0.797274346014468,0.608472503326481,1.04465917414141,0.100362693677925,0.897051056318356,277,221,"Yes"
"g__Tequintavirus",0.774555329263966,0.570942152779287,1.05078238692096,0.100663036647711,0.897051056318356,153,345,"Yes"
"g__Persephonella",1.58427036389364,0.913564919941336,2.74738284179393,0.101396395352159,0.897051056318356,26,472,"Yes"
"g__Caproiciproducens",0.505675763596506,0.223373054803251,1.14475749151633,0.101910688036167,0.897051056318356,19,479,"Yes"
"g__Rhodoplanes",0.658399483154267,0.398297127898399,1.08835803487989,0.103146121305508,0.902677616511784,55,443,"Yes"
"g__Gordonia",0.7645577516416,0.553205632284144,1.05665691287651,0.103919260404064,0.904217012941105,399,99,"Yes"
"g__Paraoerskovia",1.35129398211528,0.937932103961199,1.94683113883103,0.106091284517568,0.915201303647426,70,428,"Yes"
"g__Anaerolinea",0.605140560611281,0.328290598855719,1.11546020316554,0.107446046279703,0.915201303647426,37,461,"Yes"
"g__Silvanigrella",0.538985785015496,0.253555218955095,1.14572942984944,0.108189295904635,0.915201303647426,30,468,"Yes"
"g__Xylanimicrobium",1.61747460496564,0.89775164544172,2.91419582575256,0.109404449503169,0.915201303647426,23,475,"Yes"
"g__Filifactor",0.684625869507508,0.43007795601386,1.08983167968694,0.110197807464654,0.915201303647426,60,438,"Yes"
"g__Hungateiclostridium",1.32890949769156,0.937450186661702,1.88383391265155,0.11022797007158,0.915201303647426,87,411,"Yes"
"g__Verrucomicrobium",0.772775950155302,0.563215365536344,1.0603096180974,0.110238955400981,0.915201303647426,140,358,"Yes"
"g__Sulfurovum",2.26421029033061,0.829202976257318,6.1826216084976,0.110816897580836,0.915201303647426,484,14,"Yes"
"g__Ethanoligenens",0.514807048188165,0.226444596005743,1.17038031173634,0.113078089775124,0.915201303647426,24,474,"Yes"
"g__Draconibacterium",0.541608915732182,0.253555956108894,1.15690525319236,0.113289826511264,0.915201303647426,27,471,"Yes"
"g__Fluviicola",0.659832381812344,0.394384777630951,1.10394416007496,0.113338123995788,0.915201303647426,45,453,"Yes"
"g__Empedobacter",1.24523977052901,0.948889071289947,1.63414474149143,0.113732698232872,0.915201303647426,223,275,"Yes"
"g__Torulaspora",1.25229974541421,0.946948681956535,1.65611366512939,0.114633425955875,0.915201303647426,302,196,"Yes"
"g__Vulcanisaeta",1.78635165557454,0.868705889124317,3.67334016877746,0.114724534250165,0.915201303647426,13,485,"Yes"
"g__Cnuibacter",1.24864177054015,0.945849311712635,1.64836644889512,0.117096080297145,0.926179327460734,277,221,"Yes"
"g__Acidipropionibacterium",1.25974207289249,0.942805596844746,1.68322090527088,0.118370593011598,0.926179327460734,147,351,"Yes"
"g__Dolichospermum",0.767450221123047,0.549764400509774,1.07133135822486,0.119914858831518,0.926179327460734,131,367,"Yes"
"g__Scardovia",0.40294668042577,0.128133461547065,1.26716335690743,0.119967221692811,0.926179327460734,17,481,"Yes"
"g__Brevundimonas",0.797994980783385,0.600059274273148,1.06122181034003,0.120799050673027,0.926179327460734,335,163,"Yes"
"g__Marinithermus",0.629219598024743,0.350267855249195,1.13032725271563,0.121125169641496,0.926179327460734,33,465,"Yes"
"g__Defluviimonas",1.38105501802233,0.915648771876377,2.0830180975355,0.123633989963331,0.927317735864924,45,453,"Yes"
"g__Dictyoglomus",0.69577646979345,0.438422615040644,1.10419690798422,0.123724030808926,0.927317735864924,61,437,"Yes"
"g__Rufibacter",1.58416776512994,0.878954871892842,2.85519494609814,0.125846368532845,0.935284283367959,464,34,"Yes"
"g__Saprospira",1.3752846309092,0.914046819767731,2.06926797961584,0.126316192559648,0.935284283367959,60,438,"Yes"
"g__Avibacterium",0.459575338609204,0.169479155313581,1.24622695615264,0.12664021009936,0.935284283367959,13,485,"Yes"
"g__Ostreococcus",1.5492806532798,0.881971450094838,2.72148326611816,0.127751292685262,0.936168094682241,459,39,"Yes"
"g__Oleiphilus",1.74226344570362,0.851572097871732,3.56456243907168,0.128496455339623,0.936168094682241,13,485,"Yes"
"g__Rhadinovirus",1.31240515647829,0.923583619313943,1.8649175437198,0.129387069022063,0.936168094682241,389,109,"Yes"
"g__Curtobacterium",1.23398972641366,0.940340039443257,1.61934043114449,0.129435843915477,0.936168094682241,246,252,"Yes"
"g__Spirosoma",0.795830220284328,0.591917204550613,1.06999042205344,0.130521034469252,0.936168094682241,361,137,"Yes"
"g__Anabaenopsis",1.43408297270869,0.898087957475237,2.28996943505914,0.131088266890776,0.936168094682241,44,454,"Yes"
"g__Cobetia",0.71181509990235,0.457508895412052,1.10747734422225,0.131730931139664,0.936340984720426,67,431,"Yes"
"g__Tequatrovirus",0.411387955675659,0.129093888769128,1.31098421225552,0.133082999883941,0.941531130020029,14,484,"Yes"
"g__Sulfurivermis",0.785121413512986,0.571891048229391,1.07785501428129,0.134586917508253,0.947137640193018,388,110,"Yes"
"g__Hemiselmis",1.23018696594843,0.937462043942773,1.61431599387696,0.135126638230972,0.947137640193018,216,282,"Yes"
"g__Litoreibacter",0.538043520013311,0.238080999198983,1.21593420055484,0.136231576726602,0.950482060663945,28,470,"Yes"
"g__Ignicoccus",0.42121545601706,0.134532368548399,1.31880871720348,0.137609597678294,0.955692343508883,15,483,"Yes"
"g__Ketobacter",1.61479399781351,0.852370160449024,3.05918693118127,0.141568190133956,0.967607654327269,15,483,"Yes"
"g__Cytophaga",1.26622183392505,0.922221248058123,1.73853913698533,0.144468846410645,0.967607654327269,366,132,"Yes"
"g__Sedimenticola",1.4803744027363,0.872911767940717,2.51057260626333,0.145496329449306,0.967607654327269,26,472,"Yes"
"g__Haloferax",1.54975451416568,0.858594530490992,2.79729135102159,0.14595268086873,0.967607654327269,24,474,"Yes"
"g__Dokdonella",0.802574011827624,0.59528120434537,1.08205170893885,0.149111927703829,0.967607654327269,378,120,"Yes"
"g__Fermentimonas",0.480069358451863,0.176662688857011,1.30455723512123,0.150230357373116,0.967607654327269,12,486,"Yes"
"g__Neorhizobium",0.813789501908337,0.614404220883589,1.077878912459,0.150727531764906,0.967607654327269,335,163,"Yes"
"g__Chthonomonas",0.521097880639178,0.213896584622209,1.26950601706077,0.151367224680122,0.967607654327269,28,470,"Yes"
"g__Yarrowia",0.787190592301529,0.566995994637292,1.09289842339086,0.152908853847763,0.967607654327269,407,91,"Yes"
"g__Halomicrobium",0.485273431877235,0.17968485111112,1.31057405357048,0.153753509385949,0.967607654327269,15,483,"Yes"
"g__Liberibacter",1.35885541282896,0.891138436083016,2.0720552028827,0.154291710829398,0.967607654327269,47,451,"Yes"
"g__Ahniella",0.689897553770413,0.412859373173989,1.1528347559105,0.156469517844225,0.967607654327269,46,452,"Yes"
"g__Thermomonospora",1.39664718450491,0.879009534126084,2.21911513158364,0.157334091799197,0.967607654327269,37,461,"Yes"
"g__Mycetohabitans",1.36074688749527,0.886341667497172,2.08907260002416,0.15903133687742,0.967607654327269,420,78,"Yes"
"g__Oenococcus",0.764832039096371,0.526381802033643,1.11129990772539,0.159611746814022,0.967607654327269,98,400,"Yes"
"g__Halocella",0.800611016493448,0.587202853492377,1.09157848249284,0.159733622047805,0.967607654327269,140,358,"Yes"
"g__Pulveribacter",0.728583223968589,0.468277341420136,1.13358787046713,0.1603164560814,0.967607654327269,65,433,"Yes"
"g__Campylobacter",2.27460282885093,0.721817545619104,7.1677642922618,0.160522794965691,0.967607654327269,486,12,"Yes"
"g__Natronorubrum",0.706273998229781,0.434489407562859,1.1480670227923,0.160641661823678,0.967607654327269,51,447,"Yes"
"g__Advenella",0.718851571473144,0.452804524477963,1.14121558834944,0.161569871735678,0.967607654327269,55,443,"Yes"
"g__Spiribacter",0.723171004996371,0.458680083320735,1.14017660998323,0.162943189923457,0.967607654327269,65,433,"Yes"
"g__Luteimicrobium",1.36574143320685,0.88054985834924,2.11827830609692,0.163951115015014,0.967607654327269,45,453,"Yes"
"g__Dolosigranulum",1.3624486664794,0.880288926977099,2.10870125921713,0.165191439343052,0.967607654327269,49,449,"Yes"
"g__Halorhodospira",1.43841276163922,0.860507254402633,2.4044321093875,0.165488073260238,0.967607654327269,36,462,"Yes"
"g__Isoptericola",0.799899861597609,0.583414578327855,1.09671546161521,0.165560231751406,0.967607654327269,393,105,"Yes"
"g__Saccharothrix",1.21225756202025,0.923297145611908,1.59165270212259,0.165892141952697,0.967607654327269,224,274,"Yes"
"g__Croceibacter",1.51719047465664,0.840025331552978,2.74023514521083,0.166963647086041,0.967607654327269,21,477,"Yes"
"g__Auricoccus",1.47287106274836,0.850099751537495,2.55187601638278,0.167331472581413,0.967607654327269,31,467,"Yes"
"g__Anoxybacter",0.534729142342878,0.219180635116109,1.30456440880043,0.168917991188719,0.967607654327269,18,480,"Yes"
"g__Halorientalis",1.87098712974016,0.764700236958716,4.57773212360377,0.169969090119357,0.967607654327269,12,486,"Yes"
"g__Steroidobacter",0.625686766852652,0.319285674546106,1.22612431882845,0.171919101275769,0.967607654327269,31,467,"Yes"
"g__Slackia",0.539146749995647,0.221541281062397,1.31207699367325,0.173386732941011,0.967607654327269,20,478,"Yes"
"g__Capnocytophaga",0.801343065274885,0.58242069933992,1.10255474949967,0.173735811609286,0.967607654327269,385,113,"Yes"
"g__Bathycoccus",0.588852575613838,0.274378095031689,1.26375742847476,0.174092358906826,0.967607654327269,487,11,"Yes"
"g__Nitrosospira",0.809214681375803,0.596307305335045,1.0981391552569,0.1741537639824,0.967607654327269,140,358,"Yes"
"g__Sneathia",0.682694771228733,0.393656588135046,1.18395618087094,0.174198627806485,0.967607654327269,38,460,"Yes"
"g__Cyanothece",0.502759071735301,0.186419761915466,1.35590069215281,0.174312680050962,0.967607654327269,15,483,"Yes"
"g__Verminephrobacter",1.24877040434229,0.90630540476199,1.72064241763044,0.174331710501664,0.967607654327269,105,393,"Yes"
"g__Silicimonas",1.53305693342912,0.827559835506319,2.83999230061373,0.1743795655426,0.967607654327269,20,478,"Yes"
"g__Rhodovulum",1.27211265359457,0.898623418659083,1.80083288486982,0.174717778156761,0.967607654327269,88,410,"Yes"
"g__Euzebyella",0.624997284593501,0.316675049557284,1.23350925908228,0.175430064793529,0.967607654327269,23,475,"Yes"
"g__Citrobacter",0.829181984250805,0.63210583139083,1.08770197783699,0.17611340735034,0.967607654327269,254,244,"Yes"
"g__Chlorobaculum",0.707568188547333,0.428105950114456,1.16945989961201,0.177228153487302,0.967607654327269,466,32,"Yes"
"g__Muribaculum",1.34983825432289,0.872705921300356,2.08783195846607,0.17762835034311,0.967607654327269,52,446,"Yes"
"g__Elizabethkingia",0.825885358701498,0.624839571042234,1.09161880477541,0.178929714298079,0.967607654327269,332,166,"Yes"
"g__Ilyobacter",0.571026584443901,0.252066764316162,1.29359124764534,0.179280345085001,0.967607654327269,30,468,"Yes"
"g__Melittangium",1.30474737245355,0.884023270253023,1.92570236916635,0.180469324402097,0.967607654327269,61,437,"Yes"
"g__Chelativorans",0.598516856605725,0.281444217705343,1.27280080778294,0.182412249727072,0.967607654327269,29,469,"Yes"
"g__Thioclava",0.633700217706492,0.323104228945124,1.24286818291524,0.184397535944585,0.967607654327269,34,464,"Yes"
"g__Ndongobacter",0.51058208789848,0.189005047346827,1.37929686081025,0.1849243347237,0.967607654327269,15,483,"Yes"
"g__Thermotoga",0.692464339349386,0.401474967129956,1.19436303762214,0.186384236393016,0.967607654327269,42,456,"Yes"
"g__Thermoactinomyces",0.617702919762263,0.302280653359213,1.26226039557154,0.186429938136762,0.967607654327269,22,476,"Yes"
"g__Desulfobacula",0.620538003649075,0.30572568905795,1.25951932648941,0.186454785748363,0.967607654327269,27,471,"Yes"
"g__Salinivibrio",0.51058196151286,0.187947464635192,1.38705749464793,0.187402667036777,0.967607654327269,18,480,"Yes"
"g__Sphaerochaeta",0.663093146052181,0.359956843246967,1.22151454706392,0.187490642807469,0.967607654327269,40,458,"Yes"
"g__Methylovulum",1.61307370757789,0.788831730224723,3.29855745703562,0.190177013297409,0.967607654327269,16,482,"Yes"
"g__Aerococcus",0.761579275042893,0.506415764596124,1.14530990684585,0.190784940569388,0.967607654327269,87,411,"Yes"
"g__Thermomonas",1.40925867774731,0.841720235361193,2.35946569581265,0.192003181954758,0.967607654327269,30,468,"Yes"
"g__Leptolyngbya",1.27037964368502,0.886639809716577,1.82020299720712,0.19214838463257,0.967607654327269,74,424,"Yes"
"g__Acidaminococcus",1.19745069057865,0.913365809360009,1.56989471433358,0.192190254985538,0.967607654327269,254,244,"Yes"
"g__Stackebrandtia",1.36069450821117,0.855986232425068,2.16298986425359,0.19277814159863,0.967607654327269,43,455,"Yes"
"g__Tenacibaculum",0.694683355139365,0.401433162433238,1.2021552005882,0.192930877061599,0.967607654327269,472,26,"Yes"
"g__Geovibrio",0.51732666102759,0.191222151194271,1.3995600014878,0.194302951614458,0.967607654327269,18,480,"Yes"
"g__Thioploca",0.546860638029763,0.219692521361336,1.3612505130953,0.194578484193091,0.967607654327269,14,484,"Yes"
"g__Seonamhaeicola",0.470311329211871,0.150006227131433,1.47455709416137,0.195713174199297,0.967607654327269,17,481,"Yes"
"g__Salarchaeum",0.801004059759735,0.571809412016767,1.12206530754475,0.196960838452633,0.967607654327269,111,387,"Yes"
"g__Histophilus",0.688668985832793,0.390473087269673,1.21459067861552,0.197597217688531,0.967607654327269,32,466,"Yes"
"g__Buchnera",0.765250088645434,0.509201873631871,1.1500501637887,0.197988641924492,0.967607654327269,80,418,"Yes"
"g__Maritalea",1.60405006567556,0.780634358912296,3.2960073865809,0.198446207726276,0.967607654327269,18,480,"Yes"
"g__Cylindrospermum",0.558417170446692,0.229659763845598,1.35779002393878,0.198698287543694,0.967607654327269,17,481,"Yes"
"g__Leuconostoc",1.19635383499385,0.909977337491967,1.57285510257791,0.199066653730208,0.967607654327269,253,245,"Yes"
"g__Sedimentisphaera",0.753968383650288,0.48992211034298,1.16032387912899,0.199169742149597,0.967607654327269,65,433,"Yes"
"g__Ramlibacter",1.20554946368648,0.904661206308207,1.60651247037072,0.201944934905174,0.967607654327269,168,330,"Yes"
"g__Polynucleobacter",1.27876215107629,0.876415932421847,1.86581801919841,0.20208771202655,0.967607654327269,403,95,"Yes"
"g__Acidihalobacter",0.733577735572375,0.45559194285036,1.18118044573112,0.202375413457821,0.967607654327269,56,442,"Yes"
"g__Neoasaia",1.567288407319,0.784312261499914,3.13190685941712,0.203319422051436,0.967607654327269,16,482,"Yes"
"g__Lachancea",1.39485159820142,0.834322878709882,2.33196407608236,0.204382446789773,0.967607654327269,453,45,"Yes"
"g__Martelella",0.717827078714425,0.429573819344492,1.1995044663615,0.205672593753522,0.967607654327269,54,444,"Yes"
"g__Bibersteinia",0.717853265678641,0.429532597099709,1.19970711076409,0.205839430536826,0.967607654327269,46,452,"Yes"
"g__Aeromonas",0.681576271017316,0.375085716265287,1.23850680809532,0.208390826917654,0.967607654327269,478,20,"Yes"
"g__Roseobacter",1.242080686686,0.885992810006249,1.74128324159592,0.208497857277828,0.967607654327269,94,404,"Yes"
"g__Serratia",1.68794833443099,0.74650675873254,3.81666950282649,0.208519997697331,0.967607654327269,482,16,"Yes"
"g__Desulfitobacterium",0.821740452543829,0.604677424062946,1.11672330481557,0.209649712615965,0.967607654327269,149,349,"Yes"
"g__Tabrizicola",1.38220378878135,0.831839423391827,2.29670205570625,0.211547310722972,0.967607654327269,31,467,"Yes"
"g__Treponema",0.77734116289097,0.523247690475136,1.15482455923692,0.212328233703815,0.967607654327269,432,66,"Yes"
"g__Niastella",0.825198868804004,0.610041130426962,1.11624141244184,0.212575557394231,0.967607654327269,164,334,"Yes"
"g__Cyclobacterium",1.29478147749403,0.861168026702622,1.94672702942852,0.214377841656576,0.967607654327269,55,443,"Yes"
"g__Alkalitalea",0.669510051355838,0.353712420920142,1.26725464630403,0.217795124235045,0.967607654327269,32,466,"Yes"
"g__Oryzomicrobium",0.75924076515428,0.489565615429071,1.17746533111162,0.218594066602475,0.967607654327269,71,427,"Yes"
"g__Yoonia",0.573607816755859,0.235502732995722,1.39712148244751,0.221065436698954,0.967607654327269,22,476,"Yes"
"g__Mariprofundus",1.58150538785244,0.758435152396891,3.29778924922172,0.221509410752349,0.967607654327269,14,484,"Yes"
"g__Pirellula",0.743238498833119,0.461721937401805,1.19639857108844,0.221820289542327,0.967607654327269,47,451,"Yes"
"g__Dehalogenimonas",0.53843231893352,0.199406031863309,1.45386455646867,0.2218731007597,0.967607654327269,15,483,"Yes"
"g__Sulfuritalea",1.37579150202006,0.824016554828381,2.29704396827905,0.222523129033974,0.967607654327269,33,465,"Yes"
"g__Sulfurihydrogenibium",1.18794222188005,0.900766324953019,1.56667349059582,0.222551140404695,0.967607654327269,284,214,"Yes"
"g__Colwellia",0.76796376160397,0.502322844412987,1.17408225744963,0.222852655058803,0.967607654327269,72,426,"Yes"
"g__Sulfuricella",1.3593258354151,0.82961439820599,2.22725971345567,0.223024506934284,0.967607654327269,33,465,"Yes"
"g__Salinisphaera",1.75043590084766,0.71038995514891,4.31316042797099,0.223681458419141,0.967607654327269,11,487,"Yes"
"g__Desulfovibrio",0.80963432624905,0.575845687263552,1.13833924042352,0.22449154747889,0.967607654327269,418,80,"Yes"
"g__Egicoccus",1.42032168497982,0.804472077003137,2.50762425010315,0.226352219296307,0.967607654327269,27,471,"Yes"
"g__Cellulomonas",1.18257775837947,0.900871243283266,1.55237517574316,0.227054140459839,0.967607654327269,199,299,"Yes"
"g__Methanococcoides",0.540764991052968,0.199128374087638,1.46853393891429,0.227782091814365,0.967607654327269,15,483,"Yes"
"g__Tolumonas",1.65383525370397,0.728175073487223,3.75619977390239,0.229345372908444,0.967607654327269,11,487,"Yes"
"g__Anoxybacillus",0.845326964352524,0.64257579112188,1.11205197353275,0.229785791579468,0.967607654327269,234,264,"Yes"
"g__Idiomarina",0.628968675988841,0.295063962674793,1.34073165624489,0.229874253360754,0.967607654327269,23,475,"Yes"
"g__Butyricimonas",1.34285662407264,0.829105255839521,2.17495173274454,0.230827126894631,0.967607654327269,36,462,"Yes"
"g__Syntrophothermus",1.29558965829518,0.848028525673546,1.97935860866029,0.231061097559851,0.967607654327269,54,444,"Yes"
"g__Hydrogenobaculum",1.65360314384936,0.725865141475877,3.76709556790221,0.231197822204379,0.967607654327269,13,485,"Yes"
"g__Croceicoccus",0.829052802372006,0.609898431626212,1.12695575767953,0.231346503552055,0.967607654327269,150,348,"Yes"
"g__Efquatrovirus",1.19105594041607,0.893978629819824,1.58685477021562,0.232333901953207,0.967607654327269,148,350,"Yes"
"g__Amphibacillus",1.48491664909329,0.775656279050002,2.84272494700232,0.232779404103282,0.967607654327269,20,478,"Yes"
"g__Nodularia",1.47659602253679,0.778094687072339,2.80214715509139,0.233123775950325,0.967607654327269,17,481,"Yes"
"g__Thermocrinis",0.673126582232715,0.351170156135862,1.29025598500175,0.2331365798797,0.967607654327269,29,469,"Yes"
"g__Methanoculleus",0.60228495448548,0.261360148206149,1.38792072505812,0.23390487403196,0.967607654327269,13,485,"Yes"
"g__Intestinibaculum",0.664966706689388,0.339158053139239,1.30376005202446,0.234917953517377,0.967607654327269,24,474,"Yes"
"g__Granulosicoccus",0.583793066206135,0.239550139158086,1.42272655465021,0.236332372216536,0.967607654327269,19,479,"Yes"
"g__Zunongwangia",0.843155259036802,0.635584453252279,1.11851507255046,0.236732094192524,0.967607654327269,188,310,"Yes"
"g__Marivirga",0.611719238684039,0.27074957399805,1.38209054755106,0.237272279964929,0.967607654327269,20,478,"Yes"
"g__Thermofilum",0.806177194402026,0.563779050546545,1.15279499680569,0.237710023193428,0.967607654327269,106,392,"Yes"
"g__Sulfurifustis",0.65129755452569,0.319480761914606,1.32774349851001,0.23803803395359,0.967607654327269,24,474,"Yes"
"g__Pseudactinotalea",0.720477511180886,0.417700438306942,1.24272755427649,0.23852585860177,0.967607654327269,37,461,"Yes"
"g__Finegoldia",0.843058579285701,0.634646323126081,1.11991158257451,0.238673381883632,0.967607654327269,199,299,"Yes"
"g__Methanothrix",1.29400773913619,0.842418570724508,1.98767701370148,0.239219238260608,0.967607654327269,47,451,"Yes"
"g__Vibrio",0.732062866497062,0.435327086158387,1.23106523242827,0.239561845734731,0.967607654327269,474,24,"Yes"
"g__Bartonella",0.8419173315319,0.631870844006321,1.12178746631124,0.239943828209296,0.967607654327269,342,156,"Yes"
"g__Hungatella",1.29947259691874,0.838813066507482,2.01311722190211,0.240817122941592,0.967607654327269,53,445,"Yes"
"g__Oblitimonas",1.44178283684183,0.780567538107892,2.66311068181308,0.242536826220247,0.967607654327269,17,481,"Yes"
"g__Marinobacterium",0.681374679002513,0.357904527763582,1.29719357306499,0.242860573741322,0.967607654327269,25,473,"Yes"
"g__Gemmatirosa",0.826109390662423,0.598810135474676,1.13968799943517,0.244608958100341,0.969063574209336,131,367,"Yes"
"g__Lacinutrix",1.38251122231254,0.800141952153487,2.38874773991787,0.245699895141367,0.969063574209336,27,471,"Yes"
"g__Micropruina",1.32271740069382,0.822525832440339,2.12708373779267,0.248538606566946,0.969063574209336,38,460,"Yes"
"g__Aquitalea",0.830783194077384,0.606306644117082,1.13836904519908,0.248682014204406,0.969063574209336,132,366,"Yes"
"g__Oligella",0.554366819923911,0.203271870976965,1.51187948217083,0.249133608618693,0.969063574209336,13,485,"Yes"
"g__Aquiflexum",1.1878978070061,0.885008461748477,1.59444938763867,0.251571151820378,0.969063574209336,344,154,"Yes"
"g__Butyrivibrio",0.829120502706751,0.601793930369255,1.14231927794102,0.251742186436228,0.969063574209336,398,100,"Yes"
"g__Allopseudarcicella",0.739830649497654,0.441783572805882,1.23895369504068,0.252016102667746,0.969063574209336,49,449,"Yes"
"g__Leucobacter",0.760532350098061,0.476036113786581,1.21505372973655,0.25216239469078,0.969063574209336,52,446,"Yes"
"g__Ochrobactrum",0.852614196235002,0.648830073176711,1.12040270276355,0.252555844957377,0.969063574209336,284,214,"Yes"
"g__Microlunatus",1.33694334569208,0.812666847339948,2.19944681567973,0.252923732783362,0.969063574209336,450,48,"Yes"
"g__Achromobacter",1.37507578771402,0.796408536282634,2.37420034544468,0.253027703509383,0.969063574209336,453,45,"Yes"
"g__Sulfurospirillum",0.77586310636071,0.501902021803478,1.19936468406455,0.253477130214303,0.969063574209336,57,441,"Yes"
"g__Bernardetia",0.741586234321251,0.443878774315787,1.2389647236061,0.253585000152401,0.969063574209336,52,446,"Yes"
"g__Thauera",0.852362864143319,0.647730808019303,1.12164257616869,0.254107159155288,0.969063574209336,310,188,"Yes"
"g__Simplicispira",1.20296537144434,0.874794137450177,1.65424712277138,0.255561252570567,0.970649250339083,368,130,"Yes"
"g__Mycoavidus",0.808363625742366,0.560079369694592,1.16671276747735,0.255805185525293,0.970649250339083,427,71,"Yes"
"g__Granulibacter",1.17029880692084,0.891163171397567,1.53686703113243,0.257993979559142,0.974072032549977,209,289,"Yes"
"g__Breoghania",0.625367680973694,0.276413172276217,1.41485564231942,0.259791050650132,0.977302768586457,23,475,"Yes"
"g__Azotobacter",1.21188524017403,0.867346031070271,1.69328708812952,0.260140697318588,0.977302768586457,94,404,"Yes"
"g__Pluralibacter",0.75714824787682,0.465486126031313,1.23155865922495,0.262363047902963,0.977620470911037,48,450,"Yes"
"g__Kingella",0.642914795188832,0.296938089636668,1.39200543244034,0.26237556027695,0.977620470911037,16,482,"Yes"
"g__Sterolibacterium",0.663752768914847,0.323568086762644,1.3615920613497,0.263567419815153,0.977620470911037,19,479,"Yes"
"g__Acholeplasma",0.857412249019027,0.6547028523427,1.12288462183613,0.263650126376205,0.977620470911037,268,230,"Yes"
"g__Sorangium",0.820267906351822,0.578792167522448,1.16248884477986,0.265428666959747,0.977620470911037,420,78,"Yes"
"g__Halalkalicoccus",0.807981697175091,0.555155294584065,1.17594919716844,0.265484229862247,0.977620470911037,88,410,"Yes"
"g__Ferrimonas",1.50432508660687,0.7324846725968,3.08947620456278,0.26608952179424,0.977620470911037,16,482,"Yes"
"g__Kyrpidia",0.746151387909854,0.445276951568578,1.2503272215608,0.266238221911431,0.977620470911037,41,457,"Yes"
"g__Simonsiella",0.523605903901014,0.166891385240462,1.64276389823822,0.267391803265264,0.977620470911037,15,483,"Yes"
"g__Hyphomicrobium",0.796874207639383,0.533230819551302,1.19086984382342,0.267973907151969,0.977620470911037,72,426,"Yes"
"g__Cyanobacterium",0.526128368534059,0.167888498109875,1.64877917959068,0.270479032433306,0.982026990657135,12,486,"Yes"
"g__Faecalitalea",0.526837043635859,0.167976484327889,1.65235789793756,0.271829356357476,0.983917428986591,16,482,"Yes"
"g__Jeongeupia",0.81955747330533,0.574283044444579,1.16958781657959,0.272794731438896,0.983917428986591,94,404,"Yes"
"g__Methylobacillus",1.19650717563257,0.867822550879916,1.64967990275046,0.273592638120102,0.983917428986591,105,393,"Yes"
"g__Kordia",0.608252559374529,0.24977250077826,1.48123262101665,0.273599232234713,0.983917428986591,19,479,"Yes"
"g__Flavisolibacter",1.19268590888472,0.869044270891118,1.63685524995583,0.275294875847811,0.987669293918448,115,383,"Yes"
"g__Pelagibaca",0.721909876885526,0.400582416727023,1.30099037946545,0.278207609039646,0.990661537008827,30,468,"Yes"
"g__Bythopirellula",0.576909748957109,0.213307916872949,1.56030241784224,0.278546896276805,0.990661537008827,13,485,"Yes"
"g__Polaromonas",0.840710686661151,0.61417622863639,1.15080074042512,0.278746244891519,0.990661537008827,144,354,"Yes"
"g__Kerstersia",0.597872618509912,0.233127125829786,1.5332907601018,0.284408057197951,0.998550217345829,12,486,"Yes"
"g__Pannonibacter",1.21376384098626,0.850448582570448,1.73228892596064,0.285786884384324,0.998550217345829,73,425,"Yes"
"g__Rivularia",0.835434759504719,0.599855275349963,1.16353271542293,0.28740704419718,0.998550217345829,114,384,"Yes"
"g__Scytonema",1.27794182664652,0.813110734440143,2.0085029542958,0.287722527439845,0.998550217345829,42,456,"Yes"
"g__Rubrobacter",1.16552353058461,0.87841969466434,1.54646475778928,0.288438675653707,0.998550217345829,171,327,"Yes"
"g__Yersinia",1.16486769608937,0.87842157240394,1.54472156880111,0.289249549933173,0.998550217345829,192,306,"Yes"
"g__Denitrobacterium",0.856841193983055,0.643365966361399,1.14114962570758,0.290594265184269,0.998550217345829,176,322,"Yes"
"g__Archangium",0.862616580501086,0.655270847086805,1.13557221149625,0.292073125574791,0.998550217345829,217,281,"Yes"
"g__Orthobunyavirus",1.15600311190568,0.882428766962692,1.5143921467285,0.292723244008119,0.998550217345829,240,258,"Yes"
"g__Arcanobacterium",0.782427658157271,0.495387151169565,1.23578707845801,0.292743816400067,0.998550217345829,53,445,"Yes"
"g__Hydrogenovibrio",0.78818199555325,0.504909077563381,1.23038163843731,0.294850316747385,0.998550217345829,63,435,"Yes"
"g__Gordonibacter",0.648020210680738,0.285936396629978,1.46861399388105,0.298669811827109,0.998550217345829,23,475,"Yes"
"g__Mitsuaria",0.840403233782296,0.605452139416078,1.16652919260126,0.298675577096556,0.998550217345829,121,377,"Yes"
"g__Paraphotobacterium",1.20946757714355,0.843780221637736,1.73364080201151,0.300537347563547,0.998550217345829,410,88,"Yes"
"g__Sphaerobacter",0.686965473559055,0.337288566923912,1.39916264036509,0.300887028026017,0.998550217345829,26,472,"Yes"
"g__Dehalobacterium",0.547854636074258,0.174619261584149,1.71885220189995,0.302314648284509,0.998550217345829,13,485,"Yes"
"g__Halothiobacillus",0.742311154108265,0.421014595499624,1.30880462436138,0.303068511621015,0.998550217345829,36,462,"Yes"
"g__Zygosaccharomyces",1.40514661063437,0.734959826760373,2.6864556748365,0.303632010615764,0.998550217345829,464,34,"Yes"
"g__Phytobacter",0.808122206809395,0.538418712721217,1.21292497030397,0.303825073582012,0.998550217345829,68,430,"Yes"
"g__Calothrix",1.15519105128345,0.876604311743189,1.52231325706313,0.305549230960208,0.998550217345829,265,233,"Yes"
"g__Melioribacter",0.549899610500033,0.175155982241641,1.72640167785374,0.305595665316795,0.998550217345829,12,486,"Yes"
"g__Natrinema",1.45012015217816,0.712143873133359,2.95284216446445,0.305685897129854,0.998550217345829,16,482,"Yes"
"g__Rhodobacter",1.39357003934305,0.735992101568803,2.63866616287733,0.308265034649392,0.998550217345829,471,27,"Yes"
"g__Orientia",1.17992924646705,0.858254089537093,1.62216882347652,0.308311297060812,0.998550217345829,109,389,"Yes"
"g__Methanofervidicoccus",0.729055585134424,0.396799365871582,1.33952342652613,0.308607601678684,0.998550217345829,36,462,"Yes"
"g__Pragia",1.47998017065153,0.693168685077835,3.15989650524357,0.311065898619851,0.998550217345829,17,481,"Yes"
"g__Halorubrum",0.859815083749296,0.641237703496675,1.15289848711561,0.312857047249082,0.998550217345829,173,325,"Yes"
"g__Lactococcus",0.868382315675052,0.660192279645842,1.14222457521268,0.312924695327631,0.998550217345829,236,262,"Yes"
"g__Aeromicrobium",1.15006784077072,0.876405717212126,1.50918234831058,0.313237333725709,0.998550217345829,239,259,"Yes"
"g__Corallococcus",0.862841255128935,0.646946330178448,1.15078329812478,0.315339203161244,0.998550217345829,178,320,"Yes"
"g__Hylemonella",0.81524807503763,0.546914371124997,1.21523488674365,0.315921327640719,0.998550217345829,79,419,"Yes"
"g__Leptospira",1.20833462186324,0.834131512568306,1.75041050049505,0.316915887525989,0.998550217345829,410,88,"Yes"
"g__Denitratisoma",0.85044581258779,0.619250508633991,1.16795718382783,0.31692512930196,0.998550217345829,388,110,"Yes"
"g__Chloroflexus",1.30940639418354,0.77087183225868,2.2241636461214,0.31863855135024,0.998550217345829,35,463,"Yes"
"g__Denitrovibrio",1.33150241998865,0.75708326843688,2.34174861385598,0.320265276517847,0.998550217345829,25,473,"Yes"
"g__Mimivirus",0.559664784727451,0.177961509453582,1.76006976017319,0.320775192059609,0.998550217345829,11,487,"Yes"
"g__Woeseia",1.47868571665775,0.682158726397086,3.20528253035184,0.321708720851197,0.998550217345829,16,482,"Yes"
"g__Pararhodospirillum",1.29570235235817,0.776220366964181,2.16284531733236,0.321710374933463,0.998550217345829,34,464,"Yes"
"g__Gynuella",0.771116102424947,0.460760972816163,1.29051737994374,0.322538064102053,0.998550217345829,44,454,"Yes"
"g__Jonesia",0.657573029272151,0.285778739049482,1.51306668321216,0.324165737520811,0.998550217345829,15,483,"Yes"
"g__Acetoanaerobium",1.15838842692391,0.864091109460346,1.55291928471442,0.325525138096822,0.998550217345829,157,341,"Yes"
"g__Hirschia",1.25872097172658,0.791752589863207,2.00110300231295,0.330665970363579,0.998550217345829,442,56,"Yes"
"g__Propionimicrobium",1.40755386129383,0.706423330302965,2.80456177968172,0.33110154938493,0.998550217345829,13,485,"Yes"
"g__Methanofollis",0.774118250951579,0.461865722649337,1.29747464916618,0.331222999571225,0.998550217345829,40,458,"Yes"
"g__Kribbella",1.23746058889303,0.804817677457282,1.90267777653872,0.331701616609544,0.998550217345829,50,448,"Yes"
"g__Thiomicrorhabdus",1.35243541165783,0.733722328875987,2.49287975944268,0.333236965984509,0.998550217345829,22,476,"Yes"
"g__Chamaesiphon",1.14541436635459,0.869806249558889,1.50835208567062,0.333672248182456,0.998550217345829,264,234,"Yes"
"g__Dialister",1.24479570825032,0.798510061231283,1.94050949450667,0.333714889507595,0.998550217345829,48,450,"Yes"
"g__Micavibrio",0.871656180516408,0.659530116945404,1.15200879764426,0.334340050810617,0.998550217345829,213,285,"Yes"
"g__Labrenzia",0.845322746524286,0.60092895057818,1.18910986915149,0.334474806105978,0.998550217345829,107,391,"Yes"
"g__Octadecabacter",0.872568268837403,0.660843242191431,1.15212706307943,0.336396442773974,0.998550217345829,203,295,"Yes"
"g__Fischerella",1.21013017604531,0.819592535169597,1.78675985948605,0.337402737657013,0.998550217345829,64,434,"Yes"
"g__Modestobacter",1.19299483601262,0.831053918783999,1.71256839849244,0.338725231770968,0.998550217345829,405,93,"Yes"
"g__Nitrincola",0.507031889414762,0.12574835242964,2.044411174511,0.339714468163967,0.998550217345829,12,486,"Yes"
"g__Kluyvera",1.29632059442197,0.760303584456968,2.2102316993846,0.340419560382969,0.998550217345829,32,466,"Yes"
"g__Raphidiopsis",0.866299534834471,0.64491585144456,1.16367876890205,0.340483174406961,0.998550217345829,153,345,"Yes"
"g__Meiothermus",1.31742873120075,0.747335358886528,2.32240913152984,0.340546427023218,0.998550217345829,466,32,"Yes"
"g__Aureitalea",1.16052066589798,0.854288462680514,1.57652628451797,0.340886245744069,0.998550217345829,367,131,"Yes"
"g__Tepidanaerobacter",0.73199060458246,0.384859314438345,1.39222366484476,0.34152839364593,0.998550217345829,33,465,"Yes"
"g__Staphylothermus",1.19218422162175,0.829883858163907,1.7126531674305,0.341561852710523,0.998550217345829,77,421,"Yes"
"g__Xylanimonas",0.843166881912426,0.592061402489755,1.20077138581285,0.344309617145017,0.998550217345829,96,402,"Yes"
"g__Agromyces",0.866266767183559,0.642936039498813,1.16717381796116,0.345297028270705,0.998550217345829,356,142,"Yes"
"g__Gemmata",0.871632814357181,0.654465636211526,1.16086119885853,0.347365428198438,0.998550217345829,177,321,"Yes"
"g__Arenibacter",0.791331348643506,0.48567277887623,1.28935639505037,0.347410657681143,0.998550217345829,52,446,"Yes"
"g__Alpharetrovirus",1.22049809691267,0.804604844607316,1.85136295729671,0.348601439135368,0.998550217345829,426,72,"Yes"
"g__Weissella",1.15714604832702,0.852512973603602,1.57063530833894,0.349105028469741,0.998550217345829,119,379,"Yes"
"g__Hydrogenophilus",0.819871365526838,0.540718508023816,1.24314046224812,0.349699524788782,0.998550217345829,67,431,"Yes"
"g__Sphingorhabdus",1.14952357963006,0.858241026226213,1.5396659210477,0.349977890108577,0.998550217345829,153,345,"Yes"
"g__Euhalothece",1.47806438103728,0.65135768905598,3.35403166523972,0.350004334625249,0.998550217345829,11,487,"Yes"
"g__Chania",0.653407047157529,0.267424295963753,1.59649207539837,0.350494061706018,0.998550217345829,14,484,"Yes"
"g__Salimicrobium",1.26817333896303,0.769118845474558,2.09104695213172,0.351789291203776,0.998550217345829,456,42,"Yes"
"g__Jannaschia",1.35519853949729,0.714516191376992,2.57035894164445,0.352018272924279,0.998550217345829,20,478,"Yes"
"g__Polymorphum",0.71375883024239,0.350776145064104,1.452355511963,0.352188433960223,0.998550217345829,28,470,"Yes"
"g__Rheinheimera",0.854460311371067,0.613452390310112,1.19015336029461,0.352212208506278,0.998550217345829,117,381,"Yes"
"g__Picrophilus",1.52948261288682,0.624442315786868,3.7462500602242,0.352528015004771,0.998550217345829,11,487,"Yes"
"g__Blastochloris",0.836253032879462,0.57358888545757,1.2191992430994,0.352561132312253,0.998550217345829,82,416,"Yes"
"g__Eggerthella",0.773504895672504,0.448954637174109,1.3326732237255,0.354817727486228,0.998550217345829,40,458,"Yes"
"g__Pleurocapsa",1.37070706061268,0.70028538210016,2.6829602531168,0.357446354241078,0.998550217345829,15,483,"Yes"
"g__Sodalis",1.14314920980087,0.85956857911652,1.52028604536881,0.357728789958537,0.998550217345829,327,171,"Yes"
"g__Rothia",0.880879120693701,0.672209966122535,1.15432389339593,0.357823941446128,0.998550217345829,266,232,"Yes"
"g__Methylocystis",0.857194845108613,0.616996086221509,1.19090383049364,0.358348011965433,0.998550217345829,120,378,"Yes"
"g__Methanobrevibacter",0.83042681120245,0.558374165913843,1.23502971817338,0.358846050026907,0.998550217345829,74,424,"Yes"
"g__Mucinivorans",0.659025499177234,0.27037737263437,1.60632749824492,0.358968506996655,0.998550217345829,17,481,"Yes"
"g__Leadbetterella",0.585689203803976,0.186036902268646,1.84389139611227,0.360580111323561,0.998550217345829,14,484,"Yes"
"g__Pistricoccus",0.659759131774682,0.270136434077992,1.61134174087162,0.361331189914153,0.998550217345829,15,483,"Yes"
"g__Petrocella",1.1506883854214,0.851211643746162,1.5555282520766,0.36146419138609,0.998550217345829,139,359,"Yes"
"g__Rhodospirillum",1.19045376367903,0.817450783215725,1.7336580899496,0.363354160770221,0.998550217345829,76,422,"Yes"
"g__Thiomonas",0.825682513945402,0.54623558803544,1.24809080325057,0.363530577802899,0.998550217345829,71,427,"Yes"
"g__Mageeibacillus",0.733067354396871,0.374911570165647,1.43337199714854,0.364078029181173,0.998550217345829,26,472,"Yes"
"g__Verrucosispora",1.23819529849446,0.780103555596677,1.96528728296993,0.364708051444801,0.998550217345829,38,460,"Yes"
"g__Halopiger",0.63168935998757,0.233664890203677,1.70770819344611,0.365309394822125,0.998550217345829,16,482,"Yes"
"g__Lacunisphaera",0.798680762835757,0.490832253759233,1.29961092825169,0.365486317419083,0.998550217345829,49,449,"Yes"
"g__Vitreoscilla",0.864939103920534,0.631144749184297,1.18533768118604,0.366818311162092,0.998550217345829,125,373,"Yes"
"g__Propionibacterium",0.855412365685002,0.608538041495235,1.20243972516308,0.36871603446997,0.998550217345829,102,396,"Yes"
"g__Pontibacter",0.879435753322296,0.664361046054963,1.16413695356481,0.369266278572043,0.998550217345829,318,180,"Yes"
"g__Polaribacter",0.883075668519184,0.672799823329467,1.15907081020253,0.370190647537635,0.998550217345829,285,213,"Yes"
"g__Parvularcula",1.51273721629327,0.611637139051869,3.74139132412079,0.370306587492788,0.998550217345829,11,487,"Yes"
"g__Sulfurimonas",1.13604987677482,0.859383392980998,1.50178527193,0.370374605694423,0.998550217345829,187,311,"Yes"
"g__Brenneria",0.686409374695175,0.300979484004093,1.5654151020573,0.371026643419101,0.998550217345829,14,484,"Yes"
"g__Aeropyrum",1.57493701098275,0.581604267463518,4.26480121850013,0.371504313705488,0.998550217345829,11,487,"Yes"
"g__Rickettsia",0.868684796386985,0.637909231836958,1.18294772643574,0.371563458114893,0.998550217345829,384,114,"Yes"
"g__Gilliamella",1.18243651263633,0.818212575593527,1.70879322577186,0.372390555029573,0.998550217345829,74,424,"Yes"
"g__Mucilaginibacter",0.881155244256876,0.666786419104414,1.16444267944787,0.373701894151763,0.998550217345829,208,290,"Yes"
"g__Sinomonas",0.852494181334862,0.599479527422652,1.2122954929492,0.374358007187589,0.998550217345829,104,394,"Yes"
"g__Pantoea",1.14938338475724,0.845113819704614,1.56320028658122,0.37487550599125,0.998550217345829,352,146,"Yes"
"g__Desulfatibacillum",1.23383235186417,0.775547947317279,1.96292476535158,0.375085732740887,0.998550217345829,47,451,"Yes"
"g__Myxococcus",1.2444651623914,0.767175637156143,2.01869489253692,0.375553815058544,0.998550217345829,443,55,"Yes"
"g__Komagataella",0.879514815531126,0.66177847896681,1.16889009740304,0.37634488578731,0.998550217345829,180,318,"Yes"
"g__Cedecea",1.13080865076028,0.85914915820174,1.48836577726591,0.380501972182336,0.998550217345829,227,271,"Yes"
"g__Variovorax",0.802895330571959,0.489508778302897,1.31691389496465,0.384546082640673,0.998550217345829,465,33,"Yes"
"g__Nakaseomyces",1.19890154618395,0.796236279833352,1.80519897654387,0.384984245120413,0.998550217345829,429,69,"Yes"
"g__Immundisolibacter",1.22664293290976,0.77271701351528,1.94722370355536,0.386271049167826,0.998550217345829,38,460,"Yes"
"g__Nesterenkonia",1.26542786365212,0.742571733620441,2.15643500231275,0.386718817401927,0.998550217345829,27,471,"Yes"
"g__Flagellimonas",1.23954269540128,0.761812993657449,2.01685466973479,0.387254779580894,0.998550217345829,451,47,"Yes"
"g__Photorhabdus",1.23418387419404,0.765893053788015,1.98880225873181,0.38740152218823,0.998550217345829,41,457,"Yes"
"g__Chelatococcus",1.1712822704158,0.818249907505134,1.67662977338226,0.387644031316435,0.998550217345829,85,413,"Yes"
"g__Renibacterium",0.743773216175503,0.379915260245329,1.45611049354223,0.387782533680326,0.998550217345829,25,473,"Yes"
"g__Neomicrococcus",0.836207435056852,0.556611924855288,1.25624846184557,0.389019826220123,0.998550217345829,69,429,"Yes"
"g__Hydrocarboniclastica",0.673908650034073,0.27420537955621,1.65625076111115,0.389670125478288,0.998550217345829,14,484,"Yes"
"g__Thermobaculum",1.24718821665643,0.753849288196648,2.06338119849876,0.389823232556535,0.998550217345829,33,465,"Yes"
"g__Antarctobacter",0.887717367025606,0.675756181200157,1.16616339686201,0.39219949032475,0.998550217345829,262,236,"Yes"
"g__Aminomonas",0.746021846887223,0.380832235036293,1.46140096565088,0.393068657927122,0.998550217345829,25,473,"Yes"
"g__Acetomicrobium",0.607806374721042,0.193812788971221,1.90611048482663,0.393215067038176,0.998550217345829,14,484,"Yes"
"g__Congregibacter",1.33943789594355,0.683995801795589,2.62296036376237,0.394040730547599,0.998550217345829,19,479,"Yes"
"g__Acidovorax",1.28043199554633,0.724115542954569,2.26414984620987,0.395328326146305,0.998550217345829,464,34,"Yes"
"g__Chitinolyticbacter",0.747590618825857,0.381993343630183,1.46309285927637,0.395806714741913,0.998550217345829,28,470,"Yes"
"g__Bigelowiella",1.16055010677348,0.821940944374127,1.63865367646033,0.397595895115856,0.998550217345829,383,115,"Yes"
"g__Kurthia",0.784554104355384,0.446637672574233,1.37813082159695,0.398587386680931,0.998550217345829,33,465,"Yes"
"g__Flexistipes",0.83767482918249,0.554829962634894,1.26471021159985,0.399405081104502,0.998550217345829,67,431,"Yes"
"g__Ancylobacter",0.807371475986874,0.489858668995585,1.33068728083099,0.401294519996258,0.998550217345829,49,449,"Yes"
"g__Caldicellulosiruptor",0.890142358346669,0.678158855880008,1.16838910419415,0.401715402326554,0.998550217345829,244,254,"Yes"
"g__Oerskovia",0.890436068272421,0.678647592251666,1.168318285857,0.402375301565003,0.998550217345829,260,238,"Yes"
"g__Paraoceanicella",1.17724795709346,0.800694093437327,1.73088919206473,0.406689013357768,0.998550217345829,61,437,"Yes"
"g__Methyloversatilis",1.19188114661396,0.787207040296435,1.80458328614397,0.406870505302191,0.998550217345829,58,440,"Yes"
"g__Spiroplasma",0.772521660172436,0.41946387019112,1.422744025996,0.407473811979715,0.998550217345829,477,21,"Yes"
"g__Plantibacter",0.83398229318828,0.542596484848048,1.28184845419034,0.407795333395169,0.998550217345829,442,56,"Yes"
"g__Gequatrovirus",0.851181705889434,0.579835791264085,1.24950944277062,0.410693907344178,0.998550217345829,87,411,"Yes"
"g__Segniliparus",0.851952991012764,0.581512467269351,1.24816567098535,0.410909704896048,0.998550217345829,83,415,"Yes"
"g__Tomitella",1.2335545583387,0.747562371087014,2.03549149509169,0.411408961429058,0.998550217345829,34,464,"Yes"
"g__Micrococcus",1.12651653645692,0.846961653884207,1.4983435213283,0.413011604612611,0.998550217345829,318,180,"Yes"
"g__Desulfoglaeba",0.689762861664833,0.283400382325998,1.67880085914906,0.413135974425926,0.998550217345829,17,481,"Yes"
"g__Kiritimatiella",0.891873152159811,0.678059124038763,1.1731096763444,0.413198465430309,0.998550217345829,195,303,"Yes"
"g__Kutzneria",1.1783552711255,0.794786274871,1.7470371455705,0.414026244198239,0.998550217345829,61,437,"Yes"
"g__Listeria",0.891793339907767,0.677503539002679,1.17386155985926,0.414075878667505,0.998550217345829,305,193,"Yes"
"g__Youhaiella",1.20358616108335,0.770882226759687,1.87917115853151,0.414957755221388,0.998550217345829,444,54,"Yes"
"g__Bdellovibrio",0.869786287866159,0.62155112521412,1.21716163943775,0.415811620630057,0.998550217345829,116,382,"Yes"
"g__Pochonia",1.44744085927976,0.592902960724299,3.5336052944535,0.416752159106941,0.998550217345829,484,14,"Yes"
"g__Leptospirillum",1.29048757422801,0.69727466772608,2.3883818763528,0.416823050794766,0.998550217345829,23,475,"Yes"
"g__Pimelobacter",1.12055542574716,0.85125313036252,1.47505414944749,0.417006144911924,0.998550217345829,193,305,"Yes"
"g__Christensenella",0.803159357717525,0.472801649719614,1.3643458187419,0.417476354273082,0.998550217345829,41,457,"Yes"
"g__Siansivirga",0.767734903866769,0.403813716479099,1.45962570997963,0.420070550337182,0.998550217345829,23,475,"Yes"
"g__Orthohantavirus",0.805087036291423,0.474947310343186,1.36470956227999,0.42071709550238,0.998550217345829,40,458,"Yes"
"g__Nonomuraea",1.11702711000869,0.853036910076448,1.46271462554012,0.421110716904053,0.998550217345829,230,268,"Yes"
"g__Coxiella",1.13303935148659,0.834352257775291,1.53865248167507,0.423702970374277,0.998550217345829,137,361,"Yes"
"g__Thalassococcus",0.627065228458518,0.199566156981412,1.97032806909419,0.424318008432843,0.998550217345829,11,487,"Yes"
"g__Arsenophonus",0.82988191276911,0.524471062674124,1.31314011039964,0.425779800814624,0.998550217345829,53,445,"Yes"
"g__Collimonas",0.895060670093164,0.681280746550237,1.1759228588277,0.425931831432884,0.998550217345829,218,280,"Yes"
"g__Curvibacter",0.818912210163949,0.500691882040567,1.33938102855295,0.426105743109446,0.998550217345829,46,452,"Yes"
"g__Salinivirga",1.30385534329464,0.67738169909125,2.50972052908825,0.427123564842238,0.998550217345829,16,482,"Yes"
"g__Solimonas",0.854687649293344,0.580040599326468,1.25937904812666,0.427244362903866,0.998550217345829,76,422,"Yes"
"g__Buttiauxella",1.18317369310623,0.780553610388176,1.79347064625382,0.428034773644472,0.998550217345829,60,438,"Yes"
"g__Carnobacterium",1.12892234338658,0.835699244727828,1.52502908844019,0.429373208315099,0.998550217345829,144,354,"Yes"
"g__Methylacidiphilum",1.15319213739283,0.809769036430173,1.64226099778678,0.429421088524663,0.998550217345829,92,406,"Yes"
"g__Hoyosella",0.737074785557413,0.345800915777081,1.57107519013838,0.429508041442323,0.998550217345829,22,476,"Yes"
"g__Blattabacterium",0.849439889341458,0.566439959244292,1.27382984520914,0.429945290417714,0.998550217345829,72,426,"Yes"
"g__Arabia",1.23804917174308,0.728530756150025,2.10391358046947,0.429949290390145,0.998550217345829,32,466,"Yes"
"g__Bixzunavirus",1.17808715211105,0.78336382776217,1.77170465214598,0.431156895373269,0.998550217345829,58,440,"Yes"
"g__Diaphorobacter",1.21630076297937,0.746246240721832,1.98243885904633,0.432087265643345,0.998550217345829,44,454,"Yes"
"g__Desulfarculus",1.15214015554798,0.809036550757187,1.64075026867918,0.432371394624476,0.998550217345829,91,407,"Yes"
"g__Oceanicola",0.752149769795801,0.368709407697833,1.53434999051477,0.433614746815734,0.998550217345829,20,478,"Yes"
"g__Chromohalobacter",0.780051833941725,0.417861428686868,1.45617858424503,0.435427764968916,0.998550217345829,26,472,"Yes"
"g__Aquaspirillum",0.701890717269779,0.287710804177196,1.71231170966409,0.436604818803757,0.998550217345829,16,482,"Yes"
"g__Epibacterium",0.766779996543995,0.391865533569497,1.50039111055358,0.438131923870567,0.998550217345829,24,474,"Yes"
"g__Chryseolinea",1.18496236257579,0.771562008739282,1.81986124876151,0.438182251216601,0.998550217345829,58,440,"Yes"
"g__Xylella",0.87786057295379,0.631392428730605,1.22053916151022,0.438500232285887,0.998550217345829,112,386,"Yes"
"g__Nitratireductor",1.11545541335273,0.845240200686741,1.47205584657117,0.440113471276087,0.998550217345829,186,312,"Yes"
"g__Dehalococcoides",1.18214353897054,0.77261666237493,1.80874088637198,0.440634526266411,0.998550217345829,50,448,"Yes"
"g__Streptacidiphilus",0.881418585512463,0.639288337698762,1.2152555851142,0.441142000010425,0.998550217345829,118,380,"Yes"
"g__Salinicoccus",0.787402122568198,0.428074309524925,1.44835158015668,0.442086158821787,0.998550217345829,34,464,"Yes"
"g__Plesiomonas",0.779142598351255,0.410686027886334,1.47816859436368,0.44496772168101,0.998550217345829,30,468,"Yes"
"g__Teredinibacter",1.26879700665715,0.688618264084983,2.3377913832147,0.445161687819772,0.998550217345829,18,480,"Yes"
"g__Pseudoflavitalea",0.780026768379365,0.412126647413106,1.47634656290125,0.445355033697786,0.998550217345829,32,466,"Yes"
"g__Apibacter",0.765761490613008,0.385179556630312,1.52238261458061,0.446522845033318,0.998550217345829,20,478,"Yes"
"g__Thermosipho",0.849168156820247,0.556987775552755,1.29461828465066,0.447328730968659,0.998550217345829,60,438,"Yes"
"g__Bacterioplanes",0.80265896466905,0.455011648495506,1.41592290152096,0.447814466527696,0.998550217345829,31,467,"Yes"
"g__Methylobacterium",0.755884074680991,0.366906872999285,1.55723638994752,0.447902423216536,0.998550217345829,484,14,"Yes"
"g__Thermus",0.890908472434889,0.660519653348103,1.20165675954227,0.4492564403004,0.998550217345829,363,135,"Yes"
"g__Conexibacter",1.13158450557572,0.820805730904449,1.56003234997894,0.450496953706171,0.998550217345829,104,394,"Yes"
"g__Brevibacillus",1.3439979065171,0.622199979759831,2.90313473397988,0.451806157029028,0.998550217345829,479,19,"Yes"
"g__Gluconobacter",0.811211512556925,0.470150382297005,1.39968857387673,0.452185352707083,0.998550217345829,36,462,"Yes"
"g__Nocardiopsis",0.897510680551879,0.676824659665796,1.19015377203078,0.452674799610814,0.998550217345829,328,170,"Yes"
"g__Bordetella",0.745428110243766,0.345963048536193,1.60613415187738,0.453167875331171,0.998550217345829,485,13,"Yes"
"g__Haloactinobacterium",1.15974504789861,0.786922633830914,1.70920052150178,0.45387940139165,0.998550217345829,423,75,"Yes"
"g__Salinigranum",1.336993417342,0.622823141213607,2.87007864629549,0.456191091249296,0.998550217345829,12,486,"Yes"
"g__Ottowia",1.10869206235984,0.843975085341448,1.45643883390516,0.458523695726793,0.998550217345829,210,288,"Yes"
"g__Haloprofundus",0.710299284135951,0.287326218184885,1.7559312068048,0.458836054129812,0.998550217345829,15,483,"Yes"
"g__Saccharibacillus",1.10962009120719,0.842055329991654,1.46220408915749,0.459993487251071,0.998550217345829,296,202,"Yes"
"g__Mycetocola",1.186308885091,0.753930846859714,1.86665498129926,0.460089590782644,0.998550217345829,43,455,"Yes"
"g__Desulfohalobium",0.736248784210425,0.326578851798477,1.65982049745775,0.460366342624993,0.998550217345829,19,479,"Yes"
"g__Ilumatobacter",0.832755316175488,0.511930502085775,1.35463976807997,0.460977935590776,0.998550217345829,50,448,"Yes"
"g__Leclercia",1.12647625170139,0.82071525248081,1.54614982700943,0.461060144064719,0.998550217345829,106,392,"Yes"
"g__Leifsonia",1.11671096811529,0.83178328893929,1.49924073119964,0.46265745868047,0.998550217345829,157,341,"Yes"
"g__Weeksella",0.731575190661823,0.317558295736227,1.68536696026495,0.462915325939645,0.998550217345829,16,482,"Yes"
"g__Cytomegalovirus",1.12012904608652,0.826357994864893,1.51833598474694,0.464785401431072,0.998550217345829,345,153,"Yes"
"g__Maricaulis",0.847142240722491,0.542126368008869,1.32376880809565,0.466373767348698,0.998550217345829,442,56,"Yes"
"g__Prochlorococcus",1.35961050495254,0.594723752504666,3.10823423041744,0.466505517132942,0.998550217345829,482,16,"Yes"
"g__Pelolinea",1.2189221522179,0.714660725083094,2.07898819820379,0.467395283870679,0.998550217345829,30,468,"Yes"
"g__Macrococcus",0.855613344964441,0.5617237364793,1.30326377281053,0.467658998995098,0.998550217345829,61,437,"Yes"
"g__Magnetospira",1.19232198244141,0.741630686024134,1.91689979474062,0.467769937168096,0.998550217345829,42,456,"Yes"
"g__Calditerrivibrio",1.22883848226991,0.703466837076117,2.14657455891417,0.46902331064407,0.998550217345829,30,468,"Yes"
"g__Desulfobacca",0.790737362446599,0.418438348841361,1.49428363365915,0.469645800078374,0.998550217345829,27,471,"Yes"
"g__Protaetiibacter",1.13077125600907,0.809995026620275,1.57858207938819,0.470293250063557,0.998550217345829,101,397,"Yes"
"g__Methanosphaera",0.720242827131669,0.295361408273801,1.75632196862272,0.470561722729083,0.998550217345829,14,484,"Yes"
"g__Pseudogulbenkiania",0.80537175717821,0.447339972972177,1.44995687050006,0.470596196021338,0.998550217345829,30,468,"Yes"
"g__Desulfomonile",1.38744685593424,0.569113831943184,3.38246703909662,0.471387327135622,0.998550217345829,11,487,"Yes"
"g__Tardiphaga",0.740600689266892,0.327093263965098,1.67685929784577,0.471397609116401,0.998550217345829,16,482,"Yes"
"g__Aquabacterium",1.12909949924284,0.810965917540555,1.57203361031098,0.472090976966777,0.998550217345829,385,113,"Yes"
"g__Terriglobus",0.905173212859594,0.689799906720975,1.18779161506901,0.472369811286602,0.998550217345829,259,239,"Yes"
"g__Fictibacillus",1.26239053562411,0.667060027675151,2.38903516672626,0.474028269157902,0.998550217345829,20,478,"Yes"
"g__Brochothrix",0.817018656475894,0.469765748558145,1.42096244155411,0.47416831596996,0.998550217345829,34,464,"Yes"
"g__Lautropia",0.875808175448079,0.609003148693482,1.25950081182216,0.474386505088968,0.998550217345829,99,399,"Yes"
"g__Hyphomonas",0.820432426696754,0.47575728825113,1.41481672146286,0.476535590812513,0.998550217345829,43,455,"Yes"
"g__Maribius",1.20549461858192,0.720548052177803,2.01682215507729,0.476610631943837,0.998550217345829,31,467,"Yes"
"g__Chondromyces",0.880898108193445,0.62100179842801,1.24956397708202,0.477122787417354,0.998550217345829,97,401,"Yes"
"g__Paludibacter",1.16254538580484,0.766706249251829,1.7627504345699,0.478230381150048,0.998550217345829,60,438,"Yes"
"g__Peptoclostridium",1.31748876297003,0.61471000249871,2.82373254623581,0.478387622270104,0.998550217345829,14,484,"Yes"
"g__Komagataeibacter",0.840263176584966,0.519008536717267,1.360367230933,0.478943120623339,0.998550217345829,457,41,"Yes"
"g__Rubrivivax",1.10771378721952,0.834521375560468,1.47033961062068,0.478948125650714,0.998550217345829,182,316,"Yes"
"g__Gillisia",0.820413385313176,0.474150416886084,1.41954556788407,0.479189957489817,0.998550217345829,34,464,"Yes"
"g__Legionella",0.896778317027112,0.662897443295986,1.21317612252563,0.47980468019336,0.998550217345829,357,141,"Yes"
"g__Asaia",1.38211354268578,0.562617570280797,3.39526873275936,0.480367631835967,0.998550217345829,13,485,"Yes"
"g__Neisseria",1.14960082718462,0.779496892414086,1.69542954529382,0.481867413311495,0.998550217345829,428,70,"Yes"
"g__Haemophilus",0.906405034224573,0.689133976649975,1.1921775937699,0.482178130977362,0.998550217345829,260,238,"Yes"
"g__Alcanivorax",1.11531216052612,0.8224001244563,1.51254988712436,0.482625457889339,0.998550217345829,140,358,"Yes"
"g__Sulfuriflexus",0.70101031466046,0.25980698331372,1.8914636357829,0.483025071203585,0.998550217345829,17,481,"Yes"
"g__Vulgatibacter",0.906458164637799,0.688663986383125,1.19313107768846,0.483620864435544,0.998550217345829,215,283,"Yes"
"g__Tropheryma",0.726899584723348,0.29695431483272,1.77934106318214,0.484962687832658,0.998550217345829,14,484,"Yes"
"g__Izhakiella",0.700710397370596,0.257993202609717,1.90313177252976,0.485385460628057,0.998550217345829,11,487,"Yes"
"g__Pelodictyon",0.763505168999279,0.357761615120989,1.62940941244207,0.485386241301135,0.998550217345829,21,477,"Yes"
"g__Salilacibacter",0.666132877018414,0.212601554203037,2.08715788324416,0.485668778513992,0.998550217345829,12,486,"Yes"
"g__Deferribacter",1.27056358750422,0.647450414978012,2.49336751131193,0.486327357023829,0.998550217345829,20,478,"Yes"
"g__Caldanaerobacter",1.25439661130685,0.66192406273092,2.37717730333934,0.487104409302611,0.998550217345829,23,475,"Yes"
"g__Cryobacterium",0.907133828123742,0.688626150488168,1.19497608614353,0.488210334753177,0.998550217345829,295,203,"Yes"
"g__Anaeromyxobacter",0.806101365570684,0.437477320290352,1.48533279655195,0.489428402374148,0.998550217345829,472,26,"Yes"
"g__Antarcticibacterium",1.34352630761505,0.581041770721052,3.10659754635834,0.489898670212445,0.998550217345829,487,11,"Yes"
"g__Altererythrobacter",0.909206831240847,0.692981697318974,1.19289883870413,0.492113597452245,0.998550217345829,240,258,"Yes"
"g__Photobacterium",1.10134693683135,0.835525457764741,1.45173921871011,0.493374615976027,0.998550217345829,214,284,"Yes"
"g__Anaerotignum",0.790848931499927,0.40355963244668,1.54981316803834,0.49423906048594,0.998550217345829,30,468,"Yes"
"g__Caldithrix",1.26552835681417,0.64332228045286,2.48951741695214,0.495135491425715,0.998550217345829,22,476,"Yes"
"g__Niveispirillum",1.16757214480929,0.747776166013384,1.82303846430719,0.495570929671841,0.998550217345829,54,444,"Yes"
"g__Castellaniella",0.815528855037302,0.453601916259816,1.46623567837289,0.495670014008137,0.998550217345829,33,465,"Yes"
"g__Noviherbaspirillum",0.885937040209046,0.624844975307549,1.25612667178454,0.496589200226315,0.998550217345829,102,396,"Yes"
"g__Xylanibacterium",1.20751739739556,0.699810843627825,2.08356054823923,0.498089482138066,0.998550217345829,31,467,"Yes"
"g__Alloactinosynnema",1.21198203505893,0.69420266234566,2.11595335624656,0.498907348427375,0.998550217345829,466,32,"Yes"
"g__Cafeteriavirus",1.17019156616572,0.742018945200139,1.84543576735232,0.498912226907306,0.998550217345829,48,450,"Yes"
"g__Carboxydocella",1.15480972777844,0.760552152033139,1.75344386812491,0.499375520035575,0.998550217345829,52,446,"Yes"
"g__Trichormus",1.11952736676993,0.806220254630542,1.55458947818319,0.50028155676931,0.998550217345829,106,392,"Yes"
"g__Tsukamurella",0.902970584015873,0.67104762244427,1.21504919818963,0.500380914351401,0.998550217345829,156,342,"Yes"
"g__Ketogulonicigenium",0.792204893219461,0.402149745111631,1.56058433573456,0.500709323543452,0.998550217345829,23,475,"Yes"
"g__Acidothermus",0.81520441619778,0.449738162922478,1.47765587841144,0.500765166497817,0.998550217345829,27,471,"Yes"
"g__Methanococcus",0.869276642231731,0.577630403052899,1.30817539508991,0.501717280268477,0.998550217345829,68,430,"Yes"
"g__Rhodoferax",1.09878263202393,0.834169107915049,1.44733635060527,0.502777991911556,0.998550217345829,287,211,"Yes"
"g__Paraprevotella",1.15090631019825,0.760915978404602,1.74077739520122,0.505575551170546,0.998550217345829,56,442,"Yes"
"g__Pyrococcus",0.892993768588188,0.639454622793046,1.24705935700995,0.506559632214888,0.998550217345829,113,385,"Yes"
"g__Stigmatella",0.862538131334295,0.557523171183856,1.33442351180829,0.506575498399934,0.998550217345829,62,436,"Yes"
"g__Ruthenibacterium",1.23132385723886,0.666000633970666,2.27651200925487,0.506914790972206,0.998550217345829,27,471,"Yes"
"g__Actinoalloteichus",0.911275080554151,0.692505124242355,1.19915686305933,0.507124481613107,0.998550217345829,244,254,"Yes"
"g__Actinomyces",0.878159391170898,0.598097367463172,1.28936183011895,0.507311993141488,0.998550217345829,428,70,"Yes"
"g__Gallaecimonas",1.25626355293479,0.639241886476686,2.4688590466606,0.508072493824158,0.998550217345829,24,474,"Yes"
"g__Oleispira",0.759445397874336,0.33515964209174,1.72084356204987,0.509685922900232,0.998550217345829,16,482,"Yes"
"g__Paenalcaligenes",1.1934105198275,0.704999891916366,2.02018281870022,0.510296340488992,0.998550217345829,34,464,"Yes"
"g__Coprothermobacter",0.742310816316644,0.304713446310116,1.80833945693321,0.51186436172954,0.998550217345829,15,483,"Yes"
"g__Thermoanaerobacterium",1.10420958953102,0.820948912206996,1.48520669128414,0.512179012298356,0.998550217345829,154,344,"Yes"
"g__Thermobispora",0.858561704244937,0.543997842594582,1.35502044728755,0.512463662935016,0.998550217345829,48,450,"Yes"
"g__Xenorhabdus",0.88717752313789,0.619965087530138,1.26956174370516,0.512669937869789,0.998550217345829,76,422,"Yes"
"g__Spirochaeta",0.871325772485561,0.576637237960676,1.31661389833678,0.513125398424713,0.998550217345829,436,62,"Yes"
"g__Methylovirgula",0.77691783213817,0.364412606774315,1.65636782776862,0.513429996121447,0.998550217345829,21,477,"Yes"
"g__Methanobacterium",1.10016944156979,0.82556638303006,1.46611202326525,0.514660170259733,0.998550217345829,161,337,"Yes"
"g__Filimonas",0.865143375040641,0.558706101121008,1.33965435114267,0.51614455088511,0.998550217345829,56,442,"Yes"
"g__Oligotropha",0.848506577860051,0.516662934718071,1.39348763825034,0.516315814159335,0.998550217345829,44,454,"Yes"
"g__Dyadobacter",1.13665286016296,0.771166955885968,1.67535669760684,0.517545956854698,0.998550217345829,63,435,"Yes"
"g__Flintibacter",0.798425619010492,0.403756715947615,1.57888016202063,0.517564810460827,0.998550217345829,22,476,"Yes"
"g__Mobiluncus",0.780241260693342,0.366964098969119,1.65895363224501,0.519081473649035,0.998550217345829,19,479,"Yes"
"g__Streptosporangium",1.10272030858582,0.819099372309543,1.48454768746676,0.519215600024446,0.998550217345829,336,162,"Yes"
"g__Labrys",1.21424072722408,0.672758041072104,2.19154651990499,0.519365062224206,0.998550217345829,463,35,"Yes"
"g__Georhizobium",1.1920837259587,0.697976654634208,2.03597584569689,0.519992589964668,0.998550217345829,33,465,"Yes"
"g__Entomoplasma",0.905317064479577,0.66849390281192,1.22603808918884,0.520303593300507,0.998550217345829,146,352,"Yes"
"g__Megrivirus",0.686644849454761,0.217576801203106,2.16696424745499,0.521440128435197,0.998550217345829,12,486,"Yes"
"g__Sulfuricaulis",0.859964378056558,0.541354464367241,1.36608965142757,0.522894979017463,0.998550217345829,54,444,"Yes"
"g__Laribacter",0.888120360097934,0.616895265627761,1.27859268496385,0.523378109075456,0.998550217345829,91,407,"Yes"
"g__Blastomonas",1.24540750863479,0.634208733860296,2.4456299318413,0.52386800224787,0.998550217345829,20,478,"Yes"
"g__Litorilituus",0.767708038144182,0.339862436712607,1.73415937792965,0.52489497303392,0.998550217345829,18,480,"Yes"
"g__Desulfobacterium",0.793638619485105,0.388836010793351,1.61986606398183,0.525476930439876,0.998550217345829,27,471,"Yes"
"g__Rodentibacter",1.24587973986627,0.630847913621169,2.46052383259744,0.526632685824906,0.998550217345829,20,478,"Yes"
"g__Dokdonia",1.13956671843768,0.760494966098701,1.70758829927914,0.52663847029374,0.998550217345829,70,428,"Yes"
"g__Auritidibacter",0.81395772298245,0.429987579237361,1.54080537855966,0.527243240670421,0.998550217345829,27,471,"Yes"
"g__Thermoclostridium",0.832650041299919,0.471803047745682,1.4694820107446,0.527452822028764,0.998550217345829,30,468,"Yes"
"g__Pelobacter",0.913083158504844,0.687532498524469,1.2126275574383,0.529908317288383,0.998550217345829,314,184,"Yes"
"g__Gemmatimonas",1.09021935539351,0.832606604522773,1.4275388117488,0.529985057481372,0.998550217345829,229,269,"Yes"
"g__Mordavella",1.10081751615388,0.815595964847372,1.48578371657094,0.53015654668635,0.998550217345829,153,345,"Yes"
"g__Zobellella",1.17750581747367,0.702966449723937,1.97238424497904,0.534707212203573,0.998550217345829,29,469,"Yes"
"g__Bosea",1.08866361113177,0.831566983015115,1.42524713271466,0.536538612488293,0.998550217345829,239,259,"Yes"
"g__Ruminiclostridium",1.18718788645118,0.688039462092372,2.04845093252398,0.537556676553136,0.998550217345829,28,470,"Yes"
"g__Cuniculiplasma",0.787881074701649,0.369159978481199,1.68153815163536,0.537658428132826,0.998550217345829,17,481,"Yes"
"g__Actinopolyspora",0.91543412040365,0.691061937291655,1.21265487733776,0.537950325456497,0.998550217345829,192,306,"Yes"
"g__Anaerobutyricum",0.788705428620748,0.370517549683508,1.67888472129644,0.53803554664339,0.998550217345829,24,474,"Yes"
"g__Saccharospirillum",1.27195550466869,0.591435281644161,2.73549931170724,0.538090316362833,0.998550217345829,16,482,"Yes"
"g__Pseudoxanthomonas",1.09105659177234,0.826694459420327,1.43995701541847,0.538168876072952,0.998550217345829,189,309,"Yes"
"g__Alkaliphilus",0.825796150548341,0.448857778108315,1.51927696370652,0.53831456663844,0.998550217345829,31,467,"Yes"
"g__Cohaesibacter",0.788628204909179,0.370109629436069,1.68040600977042,0.538407417809187,0.998550217345829,21,477,"Yes"
"g__Methanocaldococcus",0.872106500324743,0.563623596916869,1.34942850524558,0.538939109295707,0.998550217345829,65,433,"Yes"
"g__Mannheimia",0.894780922614003,0.62747386029406,1.27596215577611,0.539201795885007,0.998550217345829,416,82,"Yes"
"g__Oceanisphaera",1.3626796202626,0.504491536824011,3.68072725098416,0.541604555626076,0.998550217345829,481,17,"Yes"
"g__Chitinophaga",1.09249227793485,0.822154513817004,1.45172149187146,0.541942152992429,0.998550217345829,168,330,"Yes"
"g__Nitrosopumilus",0.862208742697832,0.53498286675672,1.38958453098019,0.542625652220186,0.998550217345829,53,445,"Yes"
"g__Jeotgalibaca",0.858171954946187,0.523676515686068,1.40632448123309,0.543901542651856,0.998550217345829,45,453,"Yes"
"g__Phaeobacter",1.11332001543786,0.787010743250574,1.57492317278308,0.544135257142396,0.998550217345829,384,114,"Yes"
"g__Fusobacterium",0.802824494121364,0.394265967080927,1.63475222863689,0.544969871373024,0.998550217345829,479,19,"Yes"
"g__Centapoxvirus",1.26611326065857,0.589255192997456,2.72045593804787,0.545418675334632,0.998550217345829,12,486,"Yes"
"g__Nonlabens",1.12034986225312,0.77345144610465,1.62283465907535,0.547764990716034,0.998550217345829,83,415,"Yes"
"g__Natranaerobius",1.1011958515143,0.804185770887599,1.50790072056844,0.547783265413045,0.998550217345829,112,386,"Yes"
"g__Sulfolobus",0.919056269684734,0.697534454783505,1.21092860869357,0.548604740900029,0.998550217345829,255,243,"Yes"
"g__Alcaligenes",0.904252054833168,0.650217734902737,1.25753533743942,0.549751225816365,0.998550217345829,391,107,"Yes"
"g__Desulfurella",0.897784384070537,0.629770623143774,1.27985773019601,0.551161038511962,0.998550217345829,89,409,"Yes"
"g__Halobacillus",0.846491680682819,0.488977443283446,1.46540126811098,0.551708124787113,0.998550217345829,31,467,"Yes"
"g__Pseudolabrys",0.877583160787013,0.570872453732971,1.34907928918421,0.551710484817545,0.998550217345829,67,431,"Yes"
"g__Alkalilimnicola",1.13850915928146,0.741556246419895,1.74794981773212,0.553161542573402,0.998550217345829,48,450,"Yes"
"g__Limnohabitans",0.874016634128814,0.559856105185131,1.36446681506001,0.553501485843875,0.998550217345829,60,438,"Yes"
"g__Tatumella",1.15980094302148,0.70925870428237,1.89654102136755,0.554632745958356,0.998550217345829,35,463,"Yes"
"g__Agrococcus",0.902944134498629,0.643094282108366,1.26778939373013,0.555439956219271,0.998550217345829,104,394,"Yes"
"g__Crenobacter",0.806303285531399,0.392822526767237,1.65500943545418,0.557336163603419,0.998550217345829,19,479,"Yes"
"g__Cloacibacterium",1.08452827824088,0.827039523195,1.42218304363527,0.557361319521101,0.998550217345829,247,251,"Yes"
"g__Salinicola",1.21314235209674,0.635512291965784,2.31579213345891,0.558061296178959,0.998550217345829,17,481,"Yes"
"g__Beijerinckia",0.908538857311649,0.657462592043806,1.25549782639217,0.561093030862259,0.998550217345829,128,370,"Yes"
"g__Thermodesulfatator",0.744979551828095,0.275605818897659,2.01372574375172,0.561733490237522,0.998550217345829,11,487,"Yes"
"g__Haloplanus",1.08973085540478,0.814185339656863,1.4585295010614,0.563413926337092,0.998550217345829,331,167,"Yes"
"g__Jeotgalicoccus",1.19694549999102,0.649808538029687,2.2047702455447,0.564063639569551,0.998550217345829,31,467,"Yes"
"g__Baekduia",1.12885483422354,0.74696599127125,1.7059856159999,0.565103336316892,0.998550217345829,61,437,"Yes"
"g__Kocuria",1.08812848641716,0.816022851147737,1.45096868462344,0.565131332312727,0.998550217345829,328,170,"Yes"
"g__Saundersvirus",0.784454851027273,0.342511608360132,1.796638123439,0.565846286410297,0.998550217345829,13,485,"Yes"
"g__Desulfomicrobium",1.1344342337855,0.737545549863893,1.74489701825464,0.565848499889342,0.998550217345829,51,447,"Yes"
"g__Ensifer",1.10393833973117,0.786845527966122,1.54881716247218,0.567070269873255,0.998550217345829,91,407,"Yes"
"g__Actinosynnema",1.08386157917745,0.821655005416286,1.42974352383074,0.568760192522638,0.998550217345829,268,230,"Yes"
"g__Winogradskyella",0.920981699357031,0.692054974809944,1.2256357102028,0.57237866520098,0.998550217345829,174,324,"Yes"
"g__Acetobacterium",1.13390200824773,0.731541222788941,1.75756843805259,0.574127382756178,0.998550217345829,47,451,"Yes"
"g__Pseudorhodoplanes",1.14391198032991,0.715471486348918,1.8289123238437,0.574411407758396,0.998550217345829,46,452,"Yes"
"g__Xanthomonas",0.892734835629904,0.600789895904524,1.32654608904043,0.574439936065914,0.998550217345829,436,62,"Yes"
"g__Fabibacter",1.21131627793798,0.619022781960941,2.3703281493929,0.575682313849863,0.998550217345829,20,478,"Yes"
"g__Gracilibacillus",0.893139649620021,0.600686436082603,1.32797810272793,0.576571916857617,0.998550217345829,72,426,"Yes"
"g__Opitutus",1.14103246461976,0.717945464368744,1.81344565838437,0.576746760280381,0.998550217345829,50,448,"Yes"
"g__Tannerella",0.912147836432758,0.660330862255946,1.25999513738686,0.576935511794297,0.998550217345829,126,372,"Yes"
"g__Methylotenera",0.82784556684125,0.423522462485105,1.61816277351007,0.580609134051741,0.998550217345829,23,475,"Yes"
"g__Cardiobacterium",0.87181726106252,0.535175071524657,1.42021812511037,0.581663616112128,0.998550217345829,49,449,"Yes"
"g__Thiolapillus",0.809451099791111,0.37999391577302,1.72426729943859,0.583749975170046,0.998550217345829,20,478,"Yes"
"g__Allokutzneria",0.91766056339687,0.674557075478202,1.24837606812868,0.584235126673258,0.998550217345829,133,365,"Yes"
"g__Mardivirus",0.916655393688939,0.671123757536455,1.25201514823946,0.584333170265566,0.998550217345829,122,376,"Yes"
"g__Acaryochloris",0.779719335120708,0.318589799277573,1.90829161178318,0.585838407620337,0.998550217345829,16,482,"Yes"
"g__Salinibacter",1.08878373780075,0.801680963029808,1.47870547308394,0.586002254833166,0.998550217345829,127,371,"Yes"
"g__Panacibacter",0.894464321304121,0.598673684947213,1.3363981785112,0.586141976069912,0.998550217345829,62,436,"Yes"
"g__Simplexvirus",0.821197807612353,0.40388090006978,1.66971460920985,0.586393516916978,0.998550217345829,24,474,"Yes"
"g__Roseibacterium",1.18410514103675,0.643181240069849,2.1799531728839,0.587347023675401,0.998550217345829,24,474,"Yes"
"g__Halostella",1.14597557318331,0.699976584455861,1.87614849338669,0.587999375319603,0.998550217345829,39,459,"Yes"
"g__Parvimonas",1.08384053300159,0.809913818668971,1.45041395010114,0.588071727632078,0.998550217345829,154,344,"Yes"
"g__Luteibacter",0.927836679738904,0.706034098186922,1.21931916104284,0.59102434991172,0.998550217345829,286,212,"Yes"
"g__Exiguobacterium",1.10125593689826,0.774405712039112,1.56605848807637,0.591350734095259,0.998550217345829,82,416,"Yes"
"g__Aequorivita",1.14933768760432,0.687606737217385,1.92112300338038,0.595402885750685,0.998550217345829,33,465,"Yes"
"g__Actinopolymorpha",0.912766489454433,0.651154551526715,1.2794852809023,0.596322235429878,0.998550217345829,103,395,"Yes"
"g__Acidobacterium",1.18067804919719,0.638400840835564,2.18358211125093,0.596514536884925,0.998550217345829,26,472,"Yes"
"g__Oceanithermus",1.21432439389342,0.591342587978536,2.49362004966595,0.596843498053404,0.998550217345829,14,484,"Yes"
"g__Thiocystis",1.14394035857542,0.690413480299132,1.8953852746483,0.601679870558839,0.998550217345829,33,465,"Yes"
"g__Gloeocapsa",1.19812494739402,0.6072660649134,2.36387882101172,0.602125611509974,0.998550217345829,22,476,"Yes"
"g__Olsenella",1.08750519165561,0.792878300656594,1.49161295106515,0.602823795998085,0.998550217345829,103,395,"Yes"
"g__Acidiferrobacter",1.15623589199882,0.668057278884888,2.00114792578535,0.60397745861915,0.998550217345829,29,469,"Yes"
"g__Ostreavirus",0.907942906855891,0.629062344030637,1.31045885981339,0.605979373303763,0.998550217345829,85,413,"Yes"
"g__Francisella",0.92420430819161,0.684904037381592,1.24711427683415,0.606164830511586,0.998550217345829,369,129,"Yes"
"g__Aminipila",1.12137076838464,0.724652933521066,1.7352753877329,0.607095502691041,0.998550217345829,51,447,"Yes"
"g__Lacimicrobium",1.23731852170578,0.547224996039384,2.79767396452408,0.608945640502322,0.998550217345829,15,483,"Yes"
"g__Acidibrevibacterium",1.12942929093089,0.707150053465661,1.80387531183945,0.610414574209841,0.998550217345829,44,454,"Yes"
"g__Ruminococcus",1.10162569200314,0.758234209394349,1.60053338433616,0.611574173250932,0.998550217345829,77,421,"Yes"
"g__Desulfobacter",0.910805600938304,0.633724839630145,1.3090331810013,0.613674433165408,0.998550217345829,418,80,"Yes"
"g__Aminobacterium",0.848630356251443,0.448671265381837,1.60512503723312,0.61373661397227,0.998550217345829,28,470,"Yes"
"g__Desulfuromonas",1.11434750486113,0.731299562652589,1.69803241381144,0.614398128852556,0.998550217345829,56,442,"Yes"
"g__Natronomonas",0.879949199482712,0.534320616474886,1.44914976101556,0.615343024688985,0.998550217345829,51,447,"Yes"
"g__Desulfococcus",0.855325977132209,0.464617786358938,1.57459001492463,0.615743135886331,0.998550217345829,31,467,"Yes"
"g__Svunavirus",1.17814528530956,0.620340060942088,2.23752486852002,0.616411289873733,0.998550217345829,25,473,"Yes"
"g__Pseudanabaena",1.10246905561017,0.752630400881513,1.61492017483535,0.616462293734013,0.998550217345829,75,423,"Yes"
"g__Sagittula",0.842840176379506,0.430708288624128,1.64932874913715,0.617665249787306,0.998550217345829,23,475,"Yes"
"g__Gryllotalpicola",0.835066955248807,0.410350344553086,1.69936940227986,0.619038483100295,0.998550217345829,26,472,"Yes"
"g__Arachidicoccus",1.0750284966709,0.807976931542111,1.43034562440877,0.619509903424616,0.998550217345829,175,323,"Yes"
"g__Blautia",1.0705006760861,0.817580511350885,1.40166219912374,0.620320204677881,0.998550217345829,260,238,"Yes"
"g__Petrimonas",0.86067072821466,0.474805457021591,1.5601212906276,0.621015505449096,0.998550217345829,32,466,"Yes"
"g__Planctomyces",1.08418516095909,0.786621797187798,1.49431082058265,0.621464331690944,0.998550217345829,103,395,"Yes"
"g__Halothermothrix",0.83688189695284,0.411864743237088,1.70048862144099,0.622526655142488,0.998550217345829,20,478,"Yes"
"g__Dietzia",1.07387119441553,0.808491707470303,1.42635889959057,0.622644310112098,0.998550217345829,312,186,"Yes"
"g__Tessaracoccus",1.07994288560297,0.793953175218305,1.46894889090127,0.62414739854983,0.998550217345829,128,370,"Yes"
"g__Beutenbergia",1.12214651407423,0.7066135654161,1.78203881255442,0.625296117407243,0.998550217345829,47,451,"Yes"
"g__Piscirickettsia",1.13565711279258,0.680078085046921,1.89642499323794,0.626788920645866,0.998550217345829,454,44,"Yes"
"g__Erythrobacter",0.935406746449914,0.714267726901329,1.2250109424654,0.627522924104403,0.998550217345829,229,269,"Yes"
"g__Ruegeria",1.10112264318822,0.74609725964976,1.62508447747279,0.627626276144575,0.998550217345829,64,434,"Yes"
"g__Anabaena",1.06977905037798,0.814347090868058,1.40533100622698,0.627973579988421,0.998550217345829,271,227,"Yes"
"g__Gallibacterium",0.89783144957831,0.580502485605601,1.38862680494974,0.628118468940711,0.998550217345829,58,440,"Yes"
"g__Thermoproteus",1.08898231689832,0.770949302667185,1.53821072593818,0.628566124449574,0.998550217345829,86,412,"Yes"
"g__Singulisphaera",0.934653703335542,0.710514966937406,1.22949914612538,0.629041610579718,0.998550217345829,239,259,"Yes"
"g__Gloeomargarita",1.11259622803344,0.720643654213639,1.71772881006631,0.630157786154788,0.998550217345829,57,441,"Yes"
"g__Thermoanaerobacter",1.08559928556252,0.775493095547268,1.51971154299209,0.632264204679552,0.998550217345829,96,402,"Yes"
"g__Methanoplanus",1.17825340856616,0.600646472817705,2.3113114912424,0.633251003821691,0.998550217345829,15,483,"Yes"
"g__Halothece",0.897375464452143,0.574741880489539,1.40112066222631,0.633845202771084,0.998550217345829,49,449,"Yes"
"g__Sporanaerobacter",0.831784046578326,0.389335275704635,1.77704087791698,0.634408411215392,0.998550217345829,21,477,"Yes"
"g__Flavivirga",1.12343801199843,0.695208277300583,1.81544582826835,0.634553746263242,0.998550217345829,44,454,"Yes"
"g__Thermomicrobium",1.14147902721046,0.660325268541108,1.97323112053561,0.635618298392455,0.998550217345829,31,467,"Yes"
"g__Dermacoccus",0.915319082928055,0.634692916222455,1.32002264742248,0.635740839637074,0.998550217345829,78,420,"Yes"
"g__Thermanaeromonas",1.20359698025416,0.558350293157376,2.59451048675034,0.636300072678277,0.998550217345829,12,486,"Yes"
"g__Pectobacterium",1.09026589839822,0.760672027443934,1.56267048915203,0.637967685990191,0.998550217345829,82,416,"Yes"
"g__Microcella",1.18658227350951,0.581306054786428,2.42209328496379,0.638420938195705,0.998550217345829,20,478,"Yes"
"g__Methylosinus",0.822477882616433,0.363791961205749,1.85949646922138,0.638665567195839,0.998550217345829,20,478,"Yes"
"g__Caldilinea",0.863396709679389,0.467498342575182,1.59455940352411,0.638883130762534,0.998550217345829,26,472,"Yes"
"g__Devosia",1.07671266907173,0.790532108222473,1.46649346646564,0.639155231977071,0.998550217345829,133,365,"Yes"
"g__Selenomonas",1.06661840962775,0.81435786377905,1.39702074770596,0.639478973248679,0.998550217345829,235,263,"Yes"
"g__Halopenitus",0.929112056819456,0.683057941817861,1.26380085974825,0.639486794129887,0.998550217345829,375,123,"Yes"
"g__Dinoroseobacter",1.13892544812063,0.659284279929701,1.96751419056297,0.640944712115929,0.998550217345829,32,466,"Yes"
"g__Allochromatium",1.08263665787072,0.774509945465488,1.51334678118439,0.642187533285594,0.998550217345829,96,402,"Yes"
"g__Saccharomonospora",0.925728774849308,0.668302506184391,1.2823141566187,0.642497565459857,0.998550217345829,121,377,"Yes"
"g__Kineococcus",0.926388628829466,0.669284666428956,1.2822584091214,0.644803470115632,0.998550217345829,132,366,"Yes"
"g__Phycisphaera",1.07440399775506,0.791657099073024,1.45813629631278,0.645097549653476,0.998550217345829,122,376,"Yes"
"g__Shinella",1.08413559564283,0.767078204931991,1.53224271291092,0.647187408048825,0.998550217345829,99,399,"Yes"
"g__Azospira",1.13131805983639,0.664702230617547,1.92549459526094,0.649301067501323,0.998550217345829,39,459,"Yes"
"g__Rathayibacter",0.935758543191425,0.702418787194049,1.24661251538227,0.650035783022636,0.998550217345829,356,142,"Yes"
"g__Emcibacter",0.921557215884844,0.647232642545581,1.31215214796528,0.650470057580354,0.998550217345829,95,403,"Yes"
"g__Gardnerella",1.07053704445031,0.796595744367382,1.43868401462594,0.651280962300268,0.998550217345829,137,361,"Yes"
"g__Miniimonas",0.868018490795928,0.469043407809554,1.60636752978216,0.65220120524422,0.998550217345829,24,474,"Yes"
"g__Lysobacter",0.912574212694586,0.613019378237126,1.35850794157604,0.652228054698944,0.998550217345829,441,57,"Yes"
"g__Phenylobacterium",1.06646842152581,0.804679519367372,1.41342592515082,0.654298041101158,0.998550217345829,175,323,"Yes"
"g__Prevotella",0.899370425259353,0.564451360839305,1.43301481393978,0.655427679121665,0.998550217345829,450,48,"Yes"
"g__Zymomonas",1.1063644100291,0.708490974207409,1.72767509021321,0.656682091223726,0.998550217345829,44,454,"Yes"
"g__Sphaerospermopsis",1.06875098446336,0.796451874313766,1.43414649852581,0.657661937929267,0.998550217345829,346,152,"Yes"
"g__Adlercreutzia",0.902256887338002,0.572412440194597,1.42216945961571,0.657747355303287,0.998550217345829,55,443,"Yes"
"g__Ferrovibrio",1.14773351532662,0.623811986003542,2.11168148698657,0.657805250509033,0.998550217345829,30,468,"Yes"
"g__Paenarthrobacter",0.827912990081814,0.358794601210009,1.91039641297448,0.658011638173998,0.998550217345829,11,487,"Yes"
"g__Pseudovibrio",1.12633864055275,0.66409642682216,1.91032308255731,0.658937688926774,0.998550217345829,28,470,"Yes"
"g__Nitrobacter",0.89416192716368,0.543910314729355,1.46995842942766,0.659160841108278,0.998550217345829,48,450,"Yes"
"g__Pediococcus",1.10119247372884,0.717487074607762,1.69009994341705,0.659202274887665,0.998550217345829,57,441,"Yes"
"g__Kangiella",1.13101095805674,0.654067072768211,1.95574099431504,0.659506472380629,0.998550217345829,31,467,"Yes"
"g__Ornithobacterium",0.939422451987474,0.710856308348819,1.24148091946749,0.660434993371409,0.998550217345829,313,185,"Yes"
"g__Thiohalobacter",0.936542436541573,0.698294541972083,1.256077031572,0.661585016757326,0.998550217345829,337,161,"Yes"
"g__Cohnella",0.882744650042256,0.501578148613978,1.55357269715898,0.665425309221526,0.998550217345829,37,461,"Yes"
"g__Marinobacter",1.06241658344123,0.80657430740419,1.39941104794615,0.666665310311929,0.998550217345829,287,211,"Yes"
"g__Cellvibrio",0.924412237103514,0.645779013041211,1.32326688673636,0.667588534670818,0.998550217345829,412,86,"Yes"
"g__Chroococcidiopsis",1.12256687788565,0.660204401799672,1.90873673651802,0.669454479381145,0.998550217345829,36,462,"Yes"
"g__Fuerstia",1.17845710540549,0.55268697822366,2.51274447200507,0.670797311195099,0.998550217345829,15,483,"Yes"
"g__Thermovirga",0.858066917106102,0.422290647455221,1.7435357346152,0.672175994485409,0.998550217345829,22,476,"Yes"
"g__Gloeobacter",1.06698539809819,0.790106119466831,1.44089232029109,0.672298065211813,0.998550217345829,149,349,"Yes"
"g__Halocynthiibacter",1.21178800545241,0.495980210364869,2.96066282378095,0.673414251874337,0.998550217345829,11,487,"Yes"
"g__Gallionella",1.19136287583286,0.526597306756766,2.6953147760179,0.674225573185563,0.998550217345829,13,485,"Yes"
"g__Thermogutta",1.17587257427775,0.552423977962026,2.50292595198255,0.674247830275905,0.998550217345829,16,482,"Yes"
"g__Guyparkeria",1.15521844536043,0.589309152502908,2.26456631605493,0.674373954873038,0.998550217345829,19,479,"Yes"
"g__Oceanispirochaeta",0.849809275116915,0.396888640327532,1.81959303113025,0.675251812805138,0.998550217345829,19,479,"Yes"
"g__Roseovarius",1.06883716891975,0.782696098033034,1.45958680072042,0.675393332116604,0.998550217345829,122,376,"Yes"
"g__Megasphaera",0.915423445952713,0.604037135600375,1.38733206289878,0.676975830624513,0.998550217345829,70,428,"Yes"
"g__Rhodanobacter",0.913960030617521,0.597843806685828,1.39722604503847,0.677822669248778,0.998550217345829,63,435,"Yes"
"g__Beggiatoa",1.13208901075077,0.630270341171832,2.03345365399837,0.678006066182421,0.998550217345829,23,475,"Yes"
"g__Soehngenia",0.899273273320591,0.54474441193813,1.48453550396507,0.67805585461182,0.998550217345829,38,460,"Yes"
"g__Actinoplanes",0.9044101325767,0.562381976235848,1.454452173916,0.678519489804563,0.998550217345829,460,38,"Yes"
"g__Parabacteroides",0.896777039592609,0.535233395052997,1.50253901601348,0.679062888580466,0.998550217345829,43,455,"Yes"
"g__Fibrella",0.937671877085851,0.691256986505132,1.27192717938797,0.679090125384094,0.998550217345829,133,365,"Yes"
"g__Austwickia",1.15282344701877,0.5872035231658,2.26327303492863,0.679470222130327,0.998550217345829,18,480,"Yes"
"g__Thiobacillus",1.13157101443206,0.626720372606016,2.04310090539814,0.681791248430457,0.998550217345829,26,472,"Yes"
"g__Wolbachia",1.11260563810378,0.666396993655726,1.85758837108415,0.683263659519271,0.998550217345829,40,458,"Yes"
"g__Debaryomyces",1.06210939492763,0.794535460860751,1.4197936056516,0.68408950028904,0.998550217345829,337,161,"Yes"
"g__Celeribacter",0.913354590066924,0.589540230578264,1.41502914292729,0.684919668146862,0.998550217345829,57,441,"Yes"
"g__Paenisporosarcina",1.09646348817184,0.701895385723593,1.71283670664763,0.685743830836028,0.998550217345829,50,448,"Yes"
"g__Sphingobium",0.935548050201485,0.676865651242493,1.29309287984867,0.68662237796196,0.998550217345829,389,109,"Yes"
"g__Pseudobutyrivibrio",1.14896317236651,0.58373296818953,2.26150730452814,0.687751937962062,0.998550217345829,23,475,"Yes"
"g__Melaminivora",0.941517205702304,0.701763526202825,1.26318142156803,0.687768190097694,0.998550217345829,160,338,"Yes"
"g__Lentzea",0.943958222244701,0.711106136698934,1.25305784798849,0.689849235185083,0.998550217345829,203,295,"Yes"
"g__Prauserella",0.870721916448642,0.441102369911575,1.71877710821635,0.689909750412504,0.998550217345829,21,477,"Yes"
"g__Ferroplasma",0.817791158152109,0.303425129173679,2.20411005566042,0.690899719220183,0.998550217345829,12,486,"Yes"
"g__Dermabacter",1.06374293789505,0.784332452420172,1.44269057646413,0.691025613379185,0.998550217345829,141,357,"Yes"
"g__Turneriella",0.8483532168132,0.376042672740213,1.91388699381601,0.691970158207658,0.998550217345829,20,478,"Yes"
"g__Friedmanniella",1.05735950572045,0.801276919950567,1.3952843224367,0.693445003434834,0.998550217345829,193,305,"Yes"
"g__Sulfitobacter",0.867323658219978,0.426154301838164,1.76520646362913,0.694613371878471,0.998550217345829,477,21,"Yes"
"g__Methylomonas",0.907130138662851,0.556291133340713,1.4792345934561,0.696039534288746,0.998550217345829,42,456,"Yes"
"g__Solitalea",1.10451270924568,0.669876746358569,1.82115341593337,0.696827741620881,0.998550217345829,41,457,"Yes"
"g__Methylibium",0.943187418827219,0.702560303966238,1.2662293927109,0.69711244105894,0.998550217345829,165,333,"Yes"
"g__Actinobacillus",0.910664994963998,0.567808639626598,1.46054616850872,0.697818310814584,0.998550217345829,49,449,"Yes"
"g__Luteipulveratus",1.11250809801142,0.648595534973424,1.90823741670022,0.698544052154178,0.998550217345829,29,469,"Yes"
"g__Cellulosimicrobium",1.05823281980617,0.794636170663856,1.4092697290376,0.698574562557968,0.998550217345829,317,181,"Yes"
"g__Janibacter",1.05865400805009,0.792622623874714,1.41397466461627,0.699487051093899,0.998550217345829,168,330,"Yes"
"g__Salinimonas",0.886549699876551,0.480959519690736,1.63417156366214,0.699550864013171,0.998550217345829,27,471,"Yes"
"g__Isosphaera",1.05465934849689,0.804602696930714,1.38242929785714,0.699923737191768,0.998550217345829,260,238,"Yes"
"g__Ammonifex",0.905288169036087,0.545205988293376,1.50318721106143,0.700543145065945,0.998550217345829,33,465,"Yes"
"g__Rubinisphaera",1.13837434925556,0.587867051491982,2.20440345441046,0.70070350351383,0.998550217345829,475,23,"Yes"
"g__Kibdelosporangium",1.07035777864711,0.755901369159169,1.51562865349056,0.701630106881113,0.998550217345829,90,408,"Yes"
"g__Nautilia",0.83982320356707,0.34361742320431,2.05258221970395,0.701830793834795,0.998550217345829,13,485,"Yes"
"g__Virgibacillus",0.948192262380782,0.721728535451444,1.24571569818341,0.702420038013844,0.998550217345829,212,286,"Yes"
"g__Thioflavicoccus",1.06338676894602,0.775207899225249,1.45869439862465,0.703133755143185,0.998550217345829,115,383,"Yes"
"g__Dyella",1.06501421789924,0.768950236006165,1.47506981754596,0.704670319955414,0.998550217345829,106,392,"Yes"
"g__Thermodesulfobacterium",0.948334485050402,0.720675086943511,1.24791089886295,0.704878505748628,0.998550217345829,299,199,"Yes"
"g__Gramella",0.940748610100587,0.685528170397005,1.29098698729427,0.705239450225398,0.998550217345829,130,368,"Yes"
"g__Flavonifractor",0.949083543522441,0.723808075806878,1.24447295172961,0.70543659663537,0.998550217345829,247,251,"Yes"
"g__Mixta",0.908784794441788,0.553193440810097,1.49294937662162,0.705692224251036,0.998550217345829,40,458,"Yes"
"g__Veillonella",0.949724819928994,0.724366162438001,1.24519515179088,0.708971648797641,0.998550217345829,231,267,"Yes"
"g__Kitasatospora",0.947706012389044,0.71467148183915,1.25672663418307,0.709140706794576,0.998550217345829,322,176,"Yes"
"g__Actinomadura",0.92541592060957,0.614854831031636,1.39284036311588,0.710209936846312,0.998550217345829,433,65,"Yes"
"g__Salinispira",0.912038144559001,0.560418673784274,1.48427169907408,0.710967092299759,0.998550217345829,45,453,"Yes"
"g__Pusillimonas",1.08183745292008,0.712394532396231,1.64287093923069,0.712109547919322,0.998550217345829,55,443,"Yes"
"g__Mycolicibacter",1.07000690690344,0.746949463144777,1.53278747400233,0.712139891353372,0.998550217345829,79,419,"Yes"
"g__Actinobaculum",1.15590820115606,0.534350377197508,2.50046379027064,0.712847174583253,0.998550217345829,17,481,"Yes"
"g__Erysipelothrix",0.891478324453761,0.48293215306994,1.64564234938358,0.71340439186871,0.998550217345829,33,465,"Yes"
"g__Thermanaerovibrio",1.13481254362714,0.577619044180705,2.22949627812238,0.713581913450063,0.998550217345829,19,479,"Yes"
"g__Mariniflexile",1.1274925985683,0.593551034425473,2.14175274929273,0.713955374193277,0.998550217345829,20,478,"Yes"
"g__Arcobacter",1.05692781260716,0.785595384062351,1.42197424237142,0.714537723068661,0.998550217345829,354,144,"Yes"
"g__Faecalibaculum",1.1568442100245,0.529832484201415,2.52587103692659,0.714601407159716,0.998550217345829,12,486,"Yes"
"g__Saccharopolyspora",0.93719069084044,0.661900488977196,1.32697649514539,0.714675042394073,0.998550217345829,105,393,"Yes"
"g__Cloacibacillus",1.14165380434417,0.560512250329093,2.32532546471244,0.715114050558852,0.998550217345829,20,478,"Yes"
"g__Glutamicibacter",1.05806129949571,0.781163890536715,1.43310991080423,0.715424257785051,0.998550217345829,142,356,"Yes"
"g__Halobiforma",1.06091683326484,0.771303239246981,1.45927628698094,0.716200780001524,0.998550217345829,118,380,"Yes"
"g__Zhongshania",0.85972401244524,0.380467358052579,1.94267750420997,0.716316339532236,0.998550217345829,19,479,"Yes"
"g__Halioglobus",1.05253290293253,0.797755096550122,1.38867870170475,0.717298588087953,0.998550217345829,182,316,"Yes"
"g__Pseudoclostridium",0.909488996247303,0.54386225675898,1.52091862234429,0.717627027270987,0.998550217345829,34,464,"Yes"
"g__Fimbriimonas",0.889412734466172,0.469653077178461,1.68433903804702,0.719067742683999,0.998550217345829,29,469,"Yes"
"g__Variibacter",0.905228785030102,0.522398225762845,1.56861013846375,0.722610141006556,0.998550217345829,40,458,"Yes"
"g__Alloprevotella",1.07497850246505,0.720418551387723,1.6040380672264,0.723287295725992,0.998550217345829,66,432,"Yes"
"g__Thermacetogenium",0.850229112319531,0.346109786704722,2.08861341459951,0.723467647531182,0.998550217345829,14,484,"Yes"
"g__Megamonas",0.912932531411259,0.547050907128967,1.52352513458585,0.727368350341661,0.998550217345829,45,453,"Yes"
"g__Pseudoalteromonas",1.07932213013876,0.70178320111782,1.6599660105168,0.728173704371643,0.998550217345829,435,63,"Yes"
"g__Acidilobus",0.865483531335927,0.382003720209971,1.96087551870432,0.72918548189492,0.998550217345829,18,480,"Yes"
"g__Afipia",1.08272221035623,0.688124532599467,1.70359771997988,0.731091702983605,0.998550217345829,59,439,"Yes"
"g__Halobacteroides",0.856328321443695,0.351102601146193,2.08855813574917,0.733132286662568,0.998550217345829,15,483,"Yes"
"g__Thioalkalivibrio",1.05021466800296,0.792347369395225,1.39200417833207,0.733234808370269,0.998550217345829,311,187,"Yes"
"g__Persicobacter",0.894739371480462,0.471053508076903,1.69950659351964,0.734018480847769,0.998550217345829,26,472,"Yes"
"g__Thermovibrio",0.908259903449871,0.52029206926897,1.58552494058546,0.734979692352982,0.998550217345829,35,463,"Yes"
"g__Serpentinomonas",1.05883584571366,0.759737330549664,1.47568548113468,0.735700871055143,0.998550217345829,104,394,"Yes"
"g__Roseiflexus",1.08137165421476,0.685268240472149,1.70643345988642,0.73678214553536,0.998550217345829,46,452,"Yes"
"g__Haematobacter",1.05559892141981,0.769452167832038,1.44815900128299,0.737318721644144,0.998550217345829,121,377,"Yes"
"g__Leisingera",0.946494516330674,0.685443611629661,1.30696654581713,0.738386168442559,0.998550217345829,118,380,"Yes"
"g__Haliscomenobacter",0.908190723646024,0.515401023157325,1.60032742167242,0.739002762488733,0.998550217345829,32,466,"Yes"
"g__Planktothrix",0.928596477468974,0.600425931212314,1.43613287358649,0.739140458585697,0.998550217345829,60,438,"Yes"
"g__Lacusarxvirus",1.05028035852787,0.781533561879621,1.41144140867918,0.744937642915328,0.998550217345829,147,351,"Yes"
"g__Caminibacter",0.888671866687363,0.435852214255738,1.8119391408626,0.74540309092584,0.998550217345829,19,479,"Yes"
"g__Symbiobacterium",0.888856303212373,0.436191310985547,1.81128213208847,0.745638717450579,0.998550217345829,481,17,"Yes"
"g__Raoultella",0.95139812651225,0.702704603994806,1.28810653862986,0.747237895695123,0.998550217345829,140,358,"Yes"
"g__Lachnoanaerobaculum",0.953715382887697,0.714795917410788,1.27249332208189,0.747378836756484,0.998550217345829,176,322,"Yes"
"g__Desulfurivibrio",1.13193886545328,0.531841558465902,2.40914906841716,0.747771457386095,0.998550217345829,17,481,"Yes"
"g__Aneurinibacillus",0.942618533166857,0.656793477615098,1.35282966313247,0.748532202330238,0.998550217345829,91,407,"Yes"
"g__Roseimaritima",1.123616946574,0.550815923164806,2.29208160028179,0.748639694138311,0.998550217345829,21,477,"Yes"
"g__Methylophilus",1.10993852514733,0.585483342736883,2.10418203163103,0.749259635272305,0.998550217345829,25,473,"Yes"
"g__Simiduia",0.93953969997408,0.640534889575425,1.37812141413952,0.749669174643214,0.998550217345829,66,432,"Yes"
"g__Runella",0.956915681993476,0.729718908986366,1.254849793761,0.750146229921751,0.998550217345829,264,234,"Yes"
"g__Parvibaculum",1.07362709456287,0.69224127718554,1.66513494090667,0.751033593349692,0.998550217345829,52,446,"Yes"
"g__Taylorella",0.892400971882306,0.438341090612782,1.8168031965773,0.753634872004231,0.998550217345829,21,477,"Yes"
"g__Nitrospirillum",1.04563695451069,0.791111040304654,1.3820520570884,0.75385422127866,0.998550217345829,300,198,"Yes"
"g__Gottschalkia",0.919105587038325,0.542067966269645,1.55839328772446,0.754188113996851,0.998550217345829,45,453,"Yes"
"g__Oscillibacter",1.05013254080626,0.772676842503654,1.42721807177105,0.754670490618376,0.998550217345829,120,378,"Yes"
"g__Phycicoccus",1.09163720043645,0.62871931495012,1.89539552713007,0.755452122312385,0.998550217345829,31,467,"Yes"
"g__Aliivibrio",0.944120678966778,0.655706211465515,1.35939516946237,0.757202114345622,0.998550217345829,91,407,"Yes"
"g__Rhodopirellula",1.09256984007636,0.620992067062579,1.92226103803703,0.758742324926949,0.998550217345829,30,468,"Yes"
"g__Granulicella",0.956049934004967,0.717102711129553,1.27461723700801,0.759371729327236,0.998550217345829,193,305,"Yes"
"g__Caldisericum",0.87125773956136,0.354934364362368,2.13867724560641,0.763569289516249,0.998550217345829,14,484,"Yes"
"g__Pseudorhodobacter",0.890166727335553,0.416367827807628,1.90311726683502,0.764093799441131,0.998550217345829,22,476,"Yes"
"g__Herminiimonas",1.05193047981782,0.754595890575077,1.46642427846571,0.765171188899899,0.998550217345829,394,104,"Yes"
"g__Dickeya",0.950579476284804,0.681537340494882,1.32582807579958,0.765274085003124,0.998550217345829,99,399,"Yes"
"g__Psychromonas",0.915383865554841,0.508694988062535,1.64721029493437,0.768029116005952,0.998550217345829,30,468,"Yes"
"g__Shigella",0.9521194315966,0.686825361701686,1.31988633875983,0.768426231898766,0.998550217345829,111,387,"Yes"
"g__Chlorobium",1.05222662888077,0.749471680711348,1.47728180666536,0.768699227711465,0.998550217345829,395,103,"Yes"
"g__Rhodobaca",1.05101480427122,0.752926907462854,1.46711733615625,0.76999856068545,0.998550217345829,106,392,"Yes"
"g__Smoothievirus",0.947915590971953,0.661792618367495,1.35774250523409,0.770459711934028,0.998550217345829,96,402,"Yes"
"g__Hoeflea",0.924148413874776,0.543699623326734,1.57081273229801,0.770707328169001,0.998550217345829,34,464,"Yes"
"g__Glaciecola",0.926795213655496,0.554426416525134,1.54925765160722,0.771816113781333,0.998550217345829,31,467,"Yes"
"g__Hahella",0.957738952825486,0.715208298154381,1.28251294640497,0.771944903775618,0.998550217345829,341,157,"Yes"
"g__Snodgrassella",0.905751687883474,0.463560584097791,1.76974951763953,0.772082536017909,0.998550217345829,21,477,"Yes"
"g__Thermosulfidibacter",1.1286653900523,0.496492685482105,2.56576904343505,0.772681400726098,0.998550217345829,14,484,"Yes"
"g__Nissabacter",1.07828732804116,0.64421872957924,1.80482731784832,0.77426220149304,0.998550217345829,28,470,"Yes"
"g__Nibricoccus",0.914443411953874,0.496202606388053,1.68521233645414,0.77430458315712,0.998550217345829,28,470,"Yes"
"g__Betabaculovirus",0.946205495088767,0.647900124190705,1.38185625454928,0.774752000540672,0.998550217345829,82,416,"Yes"
"g__Neochlamydia",1.05322602697449,0.737467877204081,1.50418085747957,0.775497503355692,0.998550217345829,85,413,"Yes"
"g__Sebaldella",1.09287009281794,0.593281909234469,2.01314926544283,0.775700935556647,0.998550217345829,29,469,"Yes"
"g__Algibacter",1.04128302147888,0.786776659314459,1.37811705263974,0.777251225456423,0.998550217345829,178,320,"Yes"
"g__Sanguibacter",1.07743875122315,0.64095635235142,1.81115961855827,0.778354098875292,0.998550217345829,37,461,"Yes"
"g__Limnochorda",0.94042290930885,0.611310234024534,1.44672082868717,0.779853475667771,0.998550217345829,59,439,"Yes"
"g__Collinsella",0.93240868684743,0.569227798779309,1.52730762828681,0.781049904862763,0.998550217345829,43,455,"Yes"
"g__Streptobacillus",0.904543261095594,0.442723974151946,1.84810075569262,0.783154225633581,0.998550217345829,23,475,"Yes"
"g__Sulfurisphaera",0.920659167960432,0.510910990001576,1.65902343096394,0.783218167719382,0.998550217345829,26,472,"Yes"
"g__Microvirgula",1.0600451384332,0.699510052605997,1.60640392704805,0.783363173519285,0.998550217345829,52,446,"Yes"
"g__Magnetospirillum",0.958429494434467,0.707792855075519,1.29781911362174,0.783686509441412,0.998550217345829,146,352,"Yes"
"g__Psychromicrobium",1.0929530096464,0.577603431014426,2.06810800828724,0.784730409305635,0.998550217345829,20,478,"Yes"
"g__Jeotgalibacillus",1.04770957091073,0.749510269569542,1.46455010630924,0.785064762820832,0.998550217345829,105,393,"Yes"
"g__Alicyclobacillus",1.04985750752537,0.738569928007898,1.49234452190638,0.786277517924593,0.998550217345829,88,410,"Yes"
"g__Sediminicola",1.13412883792107,0.455654737743883,2.82285712066311,0.786753952956297,0.998550217345829,12,486,"Yes"
"g__Cetia",0.884605658788113,0.362934530031467,2.15611110767582,0.787359371624957,0.998550217345829,13,485,"Yes"
"g__Laceyella",0.96178621109459,0.722169967252559,1.28090720716468,0.789839225127537,0.998550217345829,182,316,"Yes"
"g__Sextaecvirus",1.08389868376262,0.597360237640214,1.9667133542456,0.790988055923203,0.998550217345829,25,473,"Yes"
"g__Thermobacillus",0.874673858544953,0.323211657955492,2.36703825493593,0.792071063599501,0.998550217345829,12,486,"Yes"
"g__Marmoricola",1.05264068320491,0.717427533815014,1.5444799031421,0.793114285518465,0.998550217345829,65,433,"Yes"
"g__Pseudopropionibacterium",0.937774508406953,0.58007326553419,1.51605164531767,0.793214989125962,0.998550217345829,45,453,"Yes"
"g__Gluconacetobacter",0.961322636934576,0.715274608559339,1.29200897281143,0.79370596868592,0.998550217345829,337,161,"Yes"
"g__Ehrlichia",0.951682152764597,0.655166093694645,1.38239589717349,0.794870816343649,0.998550217345829,80,418,"Yes"
"g__Undibacterium",0.910442064204838,0.44809509700673,1.84984115606406,0.79532820122802,0.998550217345829,23,475,"Yes"
"g__Salipiger",1.03631552104101,0.790853187244449,1.35796362266988,0.795910182193003,0.998550217345829,255,243,"Yes"
"g__Frondihabitans",0.959449405922853,0.699595044353579,1.31582287489799,0.797279997196197,0.998550217345829,131,367,"Yes"
"g__Wenyingzhuangia",0.94667735948876,0.621892964554629,1.44108081944684,0.798260857987048,0.998550217345829,69,429,"Yes"
"g__Sulfuriferula",0.906195349219386,0.425523245315664,1.92983584325144,0.798423044923419,0.998550217345829,20,478,"Yes"
"g__Pigmentiphaga",0.963826144493669,0.725602832270541,1.28026076455993,0.799220919552412,0.998550217345829,326,172,"Yes"
"g__Microvirga",0.965609516604889,0.736754324082256,1.26555312684372,0.799832188616616,0.998550217345829,275,223,"Yes"
"g__Cryptomonas",1.03662474954125,0.784549627912985,1.36969139125082,0.800239923600798,0.998550217345829,188,310,"Yes"
"g__Parachlamydia",1.07895286959214,0.59765318299388,1.94785090739328,0.800943915908689,0.998550217345829,24,474,"Yes"
"g__Bifidobacterium",1.03601835222512,0.785626106590973,1.36621481534609,0.80206115554675,0.998550217345829,229,269,"Yes"
"g__Sporosarcina",0.944123876184398,0.600894628815054,1.48340466171117,0.803042035445542,0.998550217345829,49,449,"Yes"
"g__Pahexavirus",0.942537705152036,0.59027320862124,1.50502735455051,0.804253812502278,0.998550217345829,63,435,"Yes"
"g__Ereboglobus",0.914367983141947,0.449246732598483,1.86104594185733,0.804987698286133,0.998550217345829,18,480,"Yes"
"g__Geosporobacter",1.09264888323894,0.538178495133861,2.21837474525316,0.806280604805377,0.998550217345829,18,480,"Yes"
"g__Melissococcus",0.918021884299197,0.46289094364165,1.8206538529833,0.806586624661886,0.998550217345829,20,478,"Yes"
"g__Humibacter",1.08213510774605,0.571630639597438,2.04855427665883,0.808455014817608,0.998550217345829,24,474,"Yes"
"g__Desulfosporosinus",1.04013029283961,0.755749726133623,1.43152023569681,0.809206942868816,0.998550217345829,128,370,"Yes"
"g__Edwardsiella",0.96522411623815,0.721349356509106,1.29154838243202,0.811725307534711,0.998550217345829,162,336,"Yes"
"g__Novosphingobium",1.03713775851699,0.767927028892239,1.40072518569027,0.812024086928196,0.998550217345829,346,152,"Yes"
"g__Cellulophaga",0.962077605214701,0.699173725793715,1.3238388176056,0.812357613023742,0.998550217345829,117,381,"Yes"
"g__Eikenella",0.953771216751965,0.643564488056326,1.41350175590314,0.813580285487338,0.998550217345829,69,429,"Yes"
"g__Moorella",1.03296397514299,0.787496410848384,1.35494531688556,0.814769718978907,0.998550217345829,253,245,"Yes"
"g__Stella",1.05749600303492,0.662387451273536,1.68828348768494,0.814815123952452,0.998550217345829,52,446,"Yes"
"g__Synechococcus",0.955939094030517,0.65411701632082,1.39702763984921,0.815933252141981,0.998550217345829,424,74,"Yes"
"g__Arenimonas",0.923805345076818,0.471229153921845,1.81104311668722,0.817504607450576,0.998550217345829,25,473,"Yes"
"g__Geminocystis",0.954699231799977,0.637421779664313,1.42990191467801,0.822037519335414,0.998550217345829,435,63,"Yes"
"g__Geobacillus",1.03191690982112,0.784273975312225,1.35775576175512,0.822446881451932,0.998550217345829,290,208,"Yes"
"g__Anseongella",0.943082192392928,0.565057854743124,1.57400523529219,0.822576499292892,0.998550217345829,42,456,"Yes"
"g__Halorhabdus",1.07601298531637,0.566832962536942,2.0425840081486,0.822734947679932,0.998550217345829,22,476,"Yes"
"g__Oscillatoria",1.03374755408603,0.772553671697239,1.38324888577792,0.823255240113816,0.998550217345829,149,349,"Yes"
"g__Asticcacaulis",0.967521657262975,0.723833183407047,1.2932512334772,0.823525816201021,0.998550217345829,174,324,"Yes"
"g__Microcystis",0.943988648211285,0.564889369864282,1.57750280938348,0.825858985930953,0.998550217345829,37,461,"Yes"
"g__Desulfotalea",1.05742836979695,0.642040892591762,1.74156314676114,0.826375860940194,0.998550217345829,37,461,"Yes"
"g__Alphatrevirus",0.956554400245848,0.642120672909362,1.42496007251093,0.827095732506485,0.998550217345829,63,435,"Yes"
"g__Ferroglobus",0.970292497206388,0.740016269356831,1.27222544843948,0.827295996430685,0.998550217345829,218,280,"Yes"
"g__Methylocaldum",0.938830251476608,0.532393452409145,1.65554673352796,0.827356076421134,0.998550217345829,33,465,"Yes"
"g__Glycocaulis",0.950960624584786,0.604458387357596,1.49609324384424,0.827828655678443,0.998550217345829,56,442,"Yes"
"g__Heliobacterium",0.966509723622231,0.710415491440412,1.31492212249242,0.828303329052636,0.998550217345829,129,369,"Yes"
"g__Alteromonas",1.0329899225176,0.76917125563223,1.38729596589751,0.829206604159556,0.998550217345829,159,339,"Yes"
"g__Likavirus",0.956097866166166,0.633192170399091,1.44367408888101,0.830913982802468,0.998550217345829,64,434,"Yes"
"g__Anaerococcus",1.03020734973997,0.783479138362859,1.35463362263349,0.831282802882147,0.998550217345829,285,213,"Yes"
"g__Lutibacter",1.03596859685807,0.746569587571773,1.43754976299903,0.832566621346729,0.998550217345829,117,381,"Yes"
"g__Brucella",1.05529786209672,0.639290703690746,1.74201434702019,0.833301351832319,0.998550217345829,45,453,"Yes"
"g__Salinispora",1.04327655568962,0.702376704069774,1.54963279013235,0.833767183728372,0.998550217345829,57,441,"Yes"
"g__Tetrasphaera",1.04944610114505,0.66735073900752,1.65031227933672,0.834486102886169,0.998550217345829,49,449,"Yes"
"g__Faecalibacterium",1.04250140005663,0.701510432202108,1.54924163523618,0.836841676479021,0.998550217345829,426,72,"Yes"
"g__Glaesserella",1.05299816731285,0.640707438546774,1.73059507921303,0.838568356859827,0.998550217345829,455,43,"Yes"
"g__Synechocystis",0.935481769132965,0.491277653652859,1.78132698255906,0.839165980743473,0.998550217345829,14,484,"Yes"
"g__Turicibacter",1.04988020263149,0.652694960543907,1.68876505337044,0.840922766814894,0.998550217345829,50,448,"Yes"
"g__Psychroflexus",1.06794421995635,0.560874110746017,2.03344179217187,0.841431553411491,0.998550217345829,23,475,"Yes"
"g__Acidianus",0.972049184571075,0.736108626608815,1.28361437846241,0.841601451766813,0.998550217345829,194,304,"Yes"
"g__Raineyella",0.94303711816887,0.525957393453886,1.69085750540404,0.84392706286989,0.998550217345829,31,467,"Yes"
"g__Aeribacillus",0.954175952572906,0.597494500860752,1.52378264093948,0.844295478620015,0.998550217345829,43,455,"Yes"
"g__Gemella",0.963129619944753,0.661533395281275,1.4022249994205,0.844594515167829,0.998550217345829,429,69,"Yes"
"g__Yangia",0.97009857291003,0.715724879977662,1.31487847843357,0.844878304707623,0.998550217345829,366,132,"Yes"
"g__Niabella",1.04069356456033,0.693900975766092,1.56080353413766,0.84705105414352,0.998550217345829,63,435,"Yes"
"g__Trichodesmium",0.950833367815453,0.569561634422065,1.58733320278613,0.847100538912348,0.998550217345829,35,463,"Yes"
"g__Arsenicicoccus",1.05018180174441,0.636106064676831,1.73380176350848,0.84820084572563,0.998550217345829,39,459,"Yes"
"g__Brachyspira",1.03304260659378,0.740273483648463,1.44159834251857,0.848371009815043,0.998550217345829,399,99,"Yes"
"g__Roseateles",1.02761491085464,0.77563769657623,1.36145059693731,0.849472244571677,0.998550217345829,314,184,"Yes"
"g__Aurantimicrobium",1.05417204858443,0.609956232288223,1.8218990956905,0.850103092555517,0.998550217345829,33,465,"Yes"
"g__Zobellia",1.08982395292003,0.446413985392364,2.6605713244273,0.850179376691533,0.998550217345829,13,485,"Yes"
"g__Georgenia",1.02690883216739,0.778064835397599,1.35533917176005,0.851234026776459,0.998550217345829,195,303,"Yes"
"g__Hafnia",0.961322886815159,0.632076237997539,1.46207314428142,0.853715246723641,0.998550217345829,64,434,"Yes"
"g__Kushneria",1.04146435991651,0.674546438740045,1.60796640628965,0.854537407897221,0.998550217345829,48,450,"Yes"
"g__Oxalobacter",1.08721310718502,0.444379611868635,2.65996078322408,0.854658923679994,0.998550217345829,13,485,"Yes"
"g__Halobacterium",0.955234503533532,0.583643329791005,1.56340852394852,0.855426804162127,0.998550217345829,46,452,"Yes"
"g__Moorea",0.975118864293657,0.742520813139823,1.28057932205369,0.856197554182361,0.998550217345829,215,283,"Yes"
"g__Sporomusa",1.08409885351598,0.444095559949963,2.64643565526097,0.859245171228581,0.998550217345829,13,485,"Yes"
"g__Euzebya",0.963445884025225,0.637843793985831,1.45525907784527,0.859530932055792,0.998550217345829,60,438,"Yes"
"g__Ezakiella",1.04899549707707,0.617111967176262,1.78313111950018,0.859736647475547,0.998550217345829,35,463,"Yes"
"g__Porphyromonas",0.975691806891242,0.741348058162365,1.28411276127765,0.860612202319228,0.998550217345829,290,208,"Yes"
"g__Neorickettsia",1.05391542705833,0.584772518906173,1.89943557790506,0.861294093063748,0.998550217345829,29,469,"Yes"
"g__Algoriphagus",0.958872595953437,0.597555170538894,1.53866404409371,0.861822065115081,0.998550217345829,45,453,"Yes"
"g__Thermococcus",0.972271895319237,0.707867790239237,1.33543671779186,0.862137931181198,0.998550217345829,373,125,"Yes"
"g__Brevibacterium",0.976252731282287,0.743698765292601,1.28152612296075,0.862551576651371,0.998550217345829,242,256,"Yes"
"g__Olleya",0.961634117125949,0.617346460290295,1.49792739523567,0.862647911975136,0.998550217345829,51,447,"Yes"
"g__Natronococcus",1.07463654482105,0.475000293199216,2.43124840131537,0.862803499627592,0.998550217345829,16,482,"Yes"
"g__Caulobacter",0.9735580110854,0.718234873868944,1.31964519606647,0.862902011687068,0.998550217345829,341,157,"Yes"
"g__Natrialba",1.04967923546471,0.605376418381479,1.82006841348661,0.86292171614192,0.998550217345829,32,466,"Yes"
"g__Actinotignum",0.916218896176449,0.338739191168012,2.47818111277955,0.863159008797612,0.998550217345829,13,485,"Yes"
"g__Microterricola",0.961643369505682,0.614517236578439,1.50485277721938,0.864079058583557,0.998550217345829,45,453,"Yes"
"g__Cyanidioschyzon",1.03144955371878,0.723501188149971,1.47047192083689,0.864111008218211,0.998550217345829,406,92,"Yes"
"g__Desulfosarcina",1.04074734537451,0.658661154736979,1.64447991067064,0.864139276561885,0.998550217345829,448,50,"Yes"
"g__Flaviflexus",0.953733463518345,0.551647835175143,1.64889166862389,0.865333532674291,0.998550217345829,36,462,"Yes"
"g__Clavibacter",0.97423678880161,0.718423305154936,1.32113938098066,0.866622581715983,0.998550217345829,132,366,"Yes"
"g__Mogibacterium",0.955980346287248,0.562880983849898,1.6236086290156,0.867698712599238,0.998550217345829,39,459,"Yes"
"g__Kosmotoga",0.944449962785222,0.480870391348958,1.85494001762673,0.868196400900065,0.998550217345829,21,477,"Yes"
"g__Methanohalophilus",0.927425119552758,0.380268361483631,2.26186935200622,0.868443648004133,0.998550217345829,13,485,"Yes"
"g__Haloquadratum",1.02309151471117,0.780079369246198,1.34180737081338,0.868950396621099,0.998550217345829,226,272,"Yes"
"g__Luteitalea",1.03960927682123,0.652464262983133,1.65646995516857,0.870176781234493,0.998550217345829,46,452,"Yes"
"g__Lawsonella",1.02454053028525,0.765112004929327,1.37193416314798,0.870719186878741,0.998550217345829,161,337,"Yes"
"g__Leptothrix",0.973541833754793,0.700160499552314,1.35366634175544,0.873324565928616,0.998550217345829,116,382,"Yes"
"g__Endozoicomonas",0.975267228673976,0.716460721302488,1.32756219433256,0.873538145009473,0.998550217345829,128,370,"Yes"
"g__Labilibaculum",0.956953373526138,0.55368369609115,1.65394026511537,0.874761888260612,0.998550217345829,465,33,"Yes"
"g__Wenzhouxiangella",1.06296495913679,0.497150708152928,2.27274041014766,0.874859597955586,0.998550217345829,17,481,"Yes"
"g__Aminobacter",1.03061740488248,0.705859179275113,1.50479340133752,0.875901696077258,0.998550217345829,70,428,"Yes"
"g__Jiangella",0.97877417446347,0.746582119300777,1.28317951881017,0.876598775583164,0.998550217345829,278,220,"Yes"
"g__Rhizorhabdus",1.02963196626359,0.706056069508666,1.50149829699725,0.879417104132742,0.998550217345829,77,421,"Yes"
"g__Luteimonas",0.978922795439604,0.738321439128441,1.29793039812377,0.882328062987856,0.998550217345829,189,309,"Yes"
"g__Oceanimonas",1.03503422241176,0.65026945215874,1.64746450568618,0.884551311116822,0.998550217345829,42,456,"Yes"
"g__Brachybacterium",1.02306413302561,0.750847429649392,1.39397190288337,0.885132075532326,0.998550217345829,353,145,"Yes"
"g__Mahella",1.06135124427633,0.469999612794925,2.39673913139673,0.886077972761411,0.998550217345829,15,483,"Yes"
"g__Murdochiella",0.937711787322162,0.382240003272659,2.30039605628535,0.888294349364526,0.998550217345829,11,487,"Yes"
"g__Aquimarina",1.0270399122236,0.707341023702023,1.49123399598638,0.888481706843604,0.998550217345829,407,91,"Yes"
"g__Vagococcus",0.960370134554226,0.5406841668307,1.70582171982206,0.89027427311591,0.998550217345829,36,462,"Yes"
"g__Parashewanella",0.981333289293284,0.746164455875387,1.29062034125625,0.892766460639628,0.998550217345829,293,205,"Yes"
"g__Muricauda",1.02167716816847,0.745740469723964,1.39971515337382,0.893788851846706,0.998550217345829,122,376,"Yes"
"g__Metallosphaera",0.9677310342235,0.594876737895258,1.57428135097826,0.89489041378001,0.998550217345829,41,457,"Yes"
"g__Proteus",1.04225528508552,0.561929023200919,1.93315531755385,0.895532753852086,0.998550217345829,472,26,"Yes"
"g__Jonquetella",0.976772306596215,0.681735824878402,1.3994924487113,0.898078005092866,0.998550217345829,90,408,"Yes"
"g__Hartmannibacter",0.959218389948992,0.504313815387314,1.82445907992764,0.898995550118171,0.998550217345829,26,472,"Yes"
"g__Rickettsiella",1.03672781101985,0.590012409074455,1.82166432029463,0.900194043718335,0.998550217345829,29,469,"Yes"
"g__Borrelia",1.01859266368035,0.761230389202328,1.36296583691389,0.901335876269046,0.998550217345829,159,339,"Yes"
"g__Azospirillum",1.01801284036031,0.764761604894695,1.35512836484669,0.902641554070337,0.998550217345829,329,169,"Yes"
"g__Jatrophihabitans",0.972342163868699,0.617109797403162,1.53206007685403,0.903763917581093,0.998550217345829,54,444,"Yes"
"g__Sandaracinus",0.969848394154137,0.589792799485529,1.59480737720745,0.903971769301305,0.998550217345829,47,451,"Yes"
"g__Marinovum",1.04452498006966,0.507128020609388,2.15139449931892,0.905937160785035,0.998550217345829,16,482,"Yes"
"g__Methanocella",0.983710392520285,0.747842594318064,1.2939703404228,0.906525677833635,0.998550217345829,216,282,"Yes"
"g__Crinalium",1.02779835434191,0.648034191236684,1.63011376787388,0.907244513463043,0.998550217345829,49,449,"Yes"
"g__Aquifex",1.02819833959133,0.64376980999813,1.64218919421126,0.907332506648975,0.998550217345829,452,46,"Yes"
"g__Gibbsiella",0.958898948036875,0.471227891664865,1.95125799811561,0.907822799363587,0.998550217345829,16,482,"Yes"
"g__Methanohalobium",1.04891790681311,0.462901934853859,2.37680746696498,0.908894594632082,0.998550217345829,13,485,"Yes"
"g__Riemerella",0.982081024498501,0.718059958177847,1.34317911435628,0.909887817614193,0.998550217345829,137,361,"Yes"
"g__Swingsia",0.969209212213846,0.560372238812858,1.67632589906706,0.910917504814903,0.998550217345829,30,468,"Yes"
"g__Pseudescherichia",1.04387273452863,0.489462671250016,2.2262582008745,0.911525871880971,0.998550217345829,15,483,"Yes"
"g__Aquisphaera",0.981882533264479,0.711007245219391,1.35595426855656,0.911602571883944,0.998550217345829,119,379,"Yes"
"g__Herbinix",0.980264129687042,0.685017971374785,1.40276285310091,0.913190740022665,0.998550217345829,94,404,"Yes"
"g__Avipoxvirus",1.05677280935988,0.389234143067956,2.8691439085995,0.91371060749714,0.998550217345829,11,487,"Yes"
"g__Aureimonas",0.981037433861233,0.691089758279489,1.39263306264742,0.914706622972255,0.998550217345829,81,417,"Yes"
"g__Haloarcula",1.01989106175472,0.702892976284085,1.47985228611356,0.917404998187464,0.998550217345829,421,77,"Yes"
"g__Paeniclostridium",1.01444030139024,0.773560560932147,1.33032780761813,0.917441951205558,0.998550217345829,222,276,"Yes"
"g__Ruania",1.02130288005493,0.680484211484962,1.53281965283562,0.918953484140316,0.998550217345829,65,433,"Yes"
"g__Pichia",1.03997162904869,0.48809003704916,2.21586368729189,0.919113512279556,0.998550217345829,481,17,"Yes"
"g__Bradymonas",0.975749899787292,0.605571652235617,1.57221340104023,0.919659070093239,0.998550217345829,43,455,"Yes"
"g__Borreliella",0.98518674508956,0.736171812511059,1.31843260799337,0.92003407591383,0.998550217345829,149,349,"Yes"
"g__Salinibacterium",0.983055130334441,0.699418883629506,1.38171475191222,0.921616863767063,0.998550217345829,100,398,"Yes"
"g__Agarilytica",1.02923483026092,0.571429148686397,1.85381571496204,0.923536361683509,0.998550217345829,25,473,"Yes"
"g__Qipengyuania",1.03155905826699,0.541203383214199,1.96619999744444,0.924781965254163,0.998550217345829,19,479,"Yes"
"g__Sideroxydans",0.97849842446625,0.621593647129311,1.54032971717896,0.92519474471585,0.998550217345829,44,454,"Yes"
"g__Oceanobacillus",1.0166571027566,0.71764611365294,1.44025257703171,0.925934060345708,0.998550217345829,97,401,"Yes"
"g__Thermaerobacter",0.984956790598574,0.71425119177216,1.35826147792514,0.926345086301707,0.998550217345829,118,380,"Yes"
"g__Crassaminicella",0.973855285193564,0.553501890529399,1.71344331921313,0.92677580800569,0.998550217345829,34,464,"Yes"
"g__Geoalkalibacter",0.959379154494015,0.391237237455349,2.35255817688543,0.927799889488293,0.998550217345829,12,486,"Yes"
"g__Haliangium",1.0127175139488,0.770265024048265,1.33148556800414,0.927882177829229,0.998550217345829,278,220,"Yes"
"g__Heliorestis",0.966801565031217,0.451589958321323,2.06980967783551,0.930727584225937,0.998550217345829,15,483,"Yes"
"g__Tetragenococcus",1.012061644169,0.769105032502306,1.33176709072565,0.93178358905805,0.998550217345829,203,295,"Yes"
"g__Methanothermobacter",0.962027888324751,0.394574301512215,2.34555989674844,0.932155461198023,0.998550217345829,13,485,"Yes"
"g__Tumebacillus",0.988382911210498,0.751480937139137,1.29996747873867,0.9333920820969,0.998550217345829,281,217,"Yes"
"g__Pandoraea",0.986414536841327,0.714539270027013,1.36173570761913,0.933735319217636,0.998550217345829,388,110,"Yes"
"g__Methanopyrus",0.977087651649661,0.562706388728599,1.69662242712996,0.934386268979625,0.998550217345829,35,463,"Yes"
"g__Thiodictyon",1.01159973682683,0.767359534351081,1.33357830552466,0.934805200254701,0.998550217345829,189,309,"Yes"
"g__Acidithiobacillus",1.01132242232347,0.76519919075595,1.33661019803718,0.936931386878896,0.998550217345829,199,299,"Yes"
"g__Whispovirus",0.967675515096495,0.428085180663161,2.18740555575099,0.937060903629704,0.998550217345829,19,479,"Yes"
"g__Arcticibacterium",0.968331831955862,0.427914003575508,2.19124994495194,0.938438197678881,0.998550217345829,15,483,"Yes"
"g__Egibacter",0.978936268572277,0.567045035559552,1.69001782544584,0.93908829142468,0.998550217345829,37,461,"Yes"
"g__Akkermansia",0.989160358032282,0.742177609227365,1.31833432016515,0.940723789262249,0.998550217345829,163,335,"Yes"
"g__Alistipes",1.01239439158339,0.729671933767081,1.40466195378794,0.941229452973635,0.998550217345829,379,119,"Yes"
"g__Cycloclasticus",0.989722989994903,0.751640806273383,1.30321769221265,0.941344490243432,0.998550217345829,278,220,"Yes"
"g__Rhodomicrobium",1.01080695087604,0.757052093373954,1.34961741851314,0.941901556164884,0.998550217345829,182,316,"Yes"
"g__Desulfofarcimen",0.981490323389606,0.593420156385676,1.62334097441973,0.941985019978598,0.998550217345829,38,460,"Yes"
"g__Thiomicrospira",0.975735101965552,0.496741845291328,1.91660718385697,0.94314870589024,0.998550217345829,22,476,"Yes"
"g__Fervidobacterium",1.00996760976752,0.768723371573953,1.32692020367614,0.943221267169625,0.998550217345829,248,250,"Yes"
"g__Psychrobacter",0.988182830800937,0.709495137012856,1.37633826667378,0.943936184563173,0.998550217345829,101,397,"Yes"
"g__Pyrobaculum",1.01699648461752,0.634105686249922,1.63108748612726,0.944252569750453,0.998550217345829,44,454,"Yes"
"g__Parageobacillus",0.989460451316526,0.734920167193137,1.33216099982492,0.944330391132924,0.998550217345829,145,353,"Yes"
"g__Defluviitoga",0.981967990423669,0.588051842250582,1.63975531566451,0.944546712796556,0.998550217345829,36,462,"Yes"
"g__Atlantibacter",0.979161417736029,0.540564802336977,1.77362099388994,0.944610748631957,0.998550217345829,26,472,"Yes"
"g__Aquicella",0.986307189753576,0.667903607568704,1.4565004014588,0.944734395577894,0.998550217345829,80,418,"Yes"
"g__Hathewaya",0.989740298320009,0.731823172983561,1.33855539737136,0.946621347910965,0.998550217345829,129,369,"Yes"
"g__Oceanihabitans",0.97476932291868,0.454185929127316,2.0920402239872,0.947709405504544,0.998550217345829,14,484,"Yes"
"g__Azoarcus",1.03389222308532,0.380120151642658,2.81209276681859,0.947945028061488,0.998550217345829,486,12,"Yes"
"g__Bacteriovorax",1.01806979594615,0.588108826966419,1.76237128553935,0.948999451352024,0.998550217345829,36,462,"Yes"
"g__Rhodoluna",0.99015182609738,0.729655943754033,1.34364784816235,0.949336717716899,0.998550217345829,121,377,"Yes"
"g__Haloterrigena",0.975845577812745,0.428220487546859,2.22379502949981,0.953603282648106,0.998550217345829,11,487,"Yes"
"g__Acidimicrobium",1.01712391552966,0.564971917310774,1.83113713769477,0.954864236286902,0.998550217345829,26,472,"Yes"
"g__Sulfuritortus",0.981545103051956,0.511272046336703,1.88437994259283,0.955361106402229,0.998550217345829,23,475,"Yes"
"g__Ogataea",1.00837916085994,0.751922557029292,1.35230486510991,0.955558095538269,0.998550217345829,338,160,"Yes"
"g__Serinicoccus",1.0081170444536,0.751067544737,1.35314058294681,0.957069636758828,0.998550217345829,145,353,"Yes"
"g__Nitrososphaera",1.00847660503985,0.741019908215019,1.37246658509153,0.957186685594565,0.998550217345829,135,363,"Yes"
"g__Syntrophobotulus",1.02469302339222,0.418430746704966,2.50936576830725,0.957428736227822,0.998550217345829,14,484,"Yes"
"g__Halotalea",1.01944163530302,0.499288870121362,2.08148290494975,0.957836300917466,0.998550217345829,20,478,"Yes"
"g__Chlorovirus",1.0162924531241,0.552808030689027,1.86837074162914,0.958512742608856,0.998550217345829,26,472,"Yes"
"g__Ephemeroptericola",1.01983647937116,0.477544652267672,2.17794595692213,0.959532977777855,0.998550217345829,18,480,"Yes"
"g__Nitratifractor",0.986207998911627,0.572902220945817,1.69768274857022,0.960030900569662,0.998550217345829,32,466,"Yes"
"g__Roseitalea",0.984170188446126,0.516113110075031,1.87670287950111,0.961356514929601,0.998550217345829,23,475,"Yes"
"g__Roseomonas",1.00808893690086,0.722231202918607,1.4070886173225,0.962232807863647,0.998550217345829,107,391,"Yes"
"g__Thermobifida",1.01015242585001,0.647799565925482,1.57519081074538,0.964455950344022,0.998550217345829,56,442,"Yes"
"g__Azorhizobium",1.01194059872589,0.596699207406274,1.71614736979612,0.964869402589275,0.998550217345829,32,466,"Yes"
"g__Auraticoccus",1.00709980140347,0.720266793026938,1.40815878200422,0.967004206367099,0.998550217345829,111,387,"Yes"
"g__Sutterella",0.987490495738647,0.536245574196254,1.8184531977457,0.967766907928408,0.998550217345829,30,468,"Yes"
"g__Labilithrix",0.99264690050066,0.688249302477813,1.4316728916777,0.968493465090238,0.998550217345829,84,414,"Yes"
"g__Natronolimnobius",1.00739180703988,0.692778724299686,1.46488080146651,0.969247215800357,0.998550217345829,77,421,"Yes"
"g__Pradoshia",1.01108176036846,0.572816539616462,1.78466621587824,0.969675918741201,0.998550217345829,29,469,"Yes"
"g__Lysinibacillus",1.00567232861302,0.746579657576172,1.35468040452837,0.970315039576426,0.998550217345829,142,356,"Yes"
"g__Orrella",0.990790678769727,0.607865391905898,1.61494005450626,0.970391616685564,0.998550217345829,42,456,"Yes"
"g__Thalassotalea",1.00512349019779,0.763714644145279,1.32284124481867,0.970910645835559,0.998550217345829,281,217,"Yes"
"g__Desulfurispirillum",0.985927155793717,0.460208465280275,2.11220007858719,0.970916400891767,0.998550217345829,22,476,"Yes"
"g__Robiginitalea",0.981674917323344,0.362702073107793,2.65696204889183,0.970957833010749,0.998550217345829,11,487,"Yes"
"g__Thermoplasma",1.00749667223237,0.662204075850283,1.53283493952518,0.972173515401165,0.998550217345829,56,442,"Yes"
"g__Truepera",1.00763062058467,0.656393523013313,1.5468151831828,0.972269336162304,0.998550217345829,54,444,"Yes"
"g__Rahnella",0.993348962453947,0.65129595563702,1.51504420174576,0.97528147226282,0.998550217345829,54,444,"Yes"
"g__Wigglesworthia",0.985343678894919,0.364599949532904,2.66292457467977,0.976778797837762,0.998550217345829,11,487,"Yes"
"g__Acidisarcina",0.994673544246587,0.686530231891197,1.44112438704792,0.977476802441597,0.998550217345829,85,413,"Yes"
"g__Cronobacter",0.99525483048029,0.690705443954831,1.43408769434736,0.979639289843811,0.998550217345829,408,90,"Yes"
"g__Psychroserpens",0.996311214858449,0.72908206301956,1.36148739243649,0.981494541403868,0.998550217345829,133,365,"Yes"
"g__Leptotrichia",0.994250753810549,0.594982322807172,1.66145198531086,0.982440557614977,0.998550217345829,465,33,"Yes"
"g__Citromicrobium",1.0061113830623,0.568552817735336,1.78041526407271,0.983307421651135,0.998550217345829,31,467,"Yes"
"g__Belliella",0.993400020037243,0.507398983789822,1.9449065357584,0.984587334473031,0.998550217345829,21,477,"Yes"
"g__Intrasporangium",1.00385297234249,0.667275016029066,1.51020308849231,0.98527552370421,0.998550217345829,69,429,"Yes"
"g__Marinomonas",1.00318164857427,0.69661679802741,1.4446585596068,0.986379350681254,0.998550217345829,83,415,"Yes"
"g__Basilea",0.993101128478959,0.406031865238406,2.42899618434404,0.98789625571808,0.998550217345829,11,487,"Yes"
"g__Aggregatibacter",0.99732632977659,0.701857914041465,1.41718115328807,0.988084157111189,0.998550217345829,86,412,"Yes"
"g__Methylomicrobium",1.00254797632314,0.710500057036779,1.41464090660529,0.988443148116808,0.998550217345829,94,404,"Yes"
"g__Atopobium",1.00276948859144,0.649024414378383,1.54932021812003,0.990058863774135,0.998550217345829,52,446,"Yes"
"g__Desulfotomaculum",1.00239103342034,0.625490228535078,1.60640044886833,0.992081060130627,0.998550217345829,42,456,"Yes"
"g__Methyloceanibacter",0.995220837798696,0.367084196749067,2.69819437818459,0.992488691965599,0.998550217345829,15,483,"Yes"
"g__Hydrogenophaga",0.996210522143859,0.441442839044715,2.24816288010873,0.992705269770525,0.998550217345829,481,17,"Yes"
"g__Methylophaga",1.00280890185246,0.528496126740446,1.90280617539591,0.99315183485055,0.998550217345829,21,477,"Yes"
"g__Pseudothermotoga",0.997317173247647,0.524770465768847,1.89538399916889,0.993457388548964,0.998550217345829,19,479,"Yes"
"g__Starkeya",0.998576334407022,0.636814630354861,1.56584765504226,0.995047402484061,0.998550217345829,45,453,"Yes"
"g__Sphingosinicella",1.00099582863795,0.717710185667852,1.39609645921103,0.995321342980643,0.998550217345829,106,392,"Yes"
"g__Indioceanicola",0.998779669901821,0.62604428629484,1.59343492281213,0.995912039757068,0.998550217345829,45,453,"Yes"
"g__Mariniblastus",1.00045599338747,0.762641547861666,1.3124280961499,0.997373362123255,0.999353587196961,230,268,"Yes"
"g__Paraclostridium",1.00044222617181,0.614363495647138,1.62914081809717,0.998582042613208,0.999792964173116,37,461,"Yes"
"g__Hippea",1.00021220369921,0.682272473242435,1.46631220174311,0.999132598939184,0.999792964173116,72,426,"Yes"
"g__Odoribacter",1.00002494588178,0.638597124847132,1.56601064031606,0.999913021301487,0.999913021301487,60,438,"Yes"
"g__Hawkeyevirus",124.534674692086,14.7660705818087,1050.30550373843,9.21780015572874e-06,0.0139557494357733,1,497,"No"
"g__Capripoxvirus",53.1845986663054,6.76727773108038,417.982185407425,0.000158260812104961,0.0510557667241022,1,497,"No"
"g__Megabirnavirus",53.1845986663054,6.76727773108038,417.982185407425,0.000158260812104961,0.0510557667241022,1,497,"No"
"g__Betalipothrixvirus",62.8669556363204,7.17189243742839,551.075486067416,0.000184943703147706,0.0510557667241022,1,497,"No"
"g__Phikmvvirus",62.8669556363204,7.17189243742839,551.075486067416,0.000184943703147706,0.0510557667241022,1,497,"No"
"g__Betapapillomavirus",15.4843838686403,3.60496508181953,66.5099767541694,0.000229312631085936,0.0510557667241022,3,495,"No"
"g__Tibrovirus",48.2953899357085,6.1137930865606,381.505336542928,0.000236057045620023,0.0510557667241022,1,497,"No"
"g__Microchaete",3.93983546336363,1.8355071409991,8.45668378600182,0.000434231935387727,0.0821783937721274,8,490,"No"
"g__Litoricola",3.98534555085804,1.74425824728565,9.10586444665546,0.00103964429799169,0.157402146715942,7,491,"No"
"g__Coopervirus",9.40013765737244,2.22894063793139,39.6433114789266,0.00227687047765933,0.287265158598019,2,496,"No"
"g__Alfamovirus",18.8350439972132,2.52293762455123,140.613417836701,0.00420687003303566,0.443129943637085,1,497,"No"
"g__Vieuvirus",8.00298461583706,1.91332274528291,33.4746257102872,0.00439032308755368,0.443129943637085,2,496,"No"
"g__Dhillonvirus",5.82238208915893,1.42166337419946,23.8454009629726,0.0143229089949615,0.616229274215844,2,496,"No"
"g__Commensalibacter",12.1197832739432,1.62181948683607,90.5705892669432,0.0150500313663173,0.616229274215844,2,496,"No"
"g__Mesorhizobium",0.082843171897281,0.0111152046378847,0.617441725419146,0.0150800423835418,0.616229274215844,497,1,"No"
"g__Iflavirus",11.6253999754748,1.57605652779282,85.7519525514982,0.0161207662593962,0.616229274215844,1,497,"No"
"g__Casadabanvirus",11.3056610875384,1.53955985635987,83.0224119564221,0.0171192605924615,0.616229274215844,1,497,"No"
"g__Lawsonia",2.5105358646348,1.10793535684139,5.6887708192527,0.0274151802241041,0.741188979630244,10,488,"No"
"g__Helicobacter",0.284684398912041,0.0892643360034795,0.907923708531827,0.0337367459902746,0.792969337138262,494,4,"No"
"g__Leminorella",2.90718404949824,1.04136108514243,8.11603123857951,0.0416163715659987,0.810215956684373,7,491,"No"
"g__Gammapolyomavirus",4.14927904909078,1.01507740665865,16.960791870933,0.0476141744076651,0.810215956684373,2,496,"No"
"g__Dechloromonas",0.245046334782592,0.0600929141112475,0.999247699640895,0.0498774576953795,0.810215956684373,496,2,"No"
"g__Detrevirus",7.28468921855722,0.987987402710467,53.7119166351509,0.0514020547207077,0.810215956684373,1,497,"No"
"g__Phietavirus",4.12967634298826,0.987334207806697,17.2730029639324,0.0520760111583564,0.810215956684373,2,496,"No"
"g__Ilzatvirus",7.2910363786875,0.970379796727069,54.7818613440241,0.0535149244837763,0.810215956684373,1,497,"No"
"g__Roseolovirus",2.38423032807474,0.975213149561325,5.82903774407515,0.0567883745009147,0.81182926168883,9,489,"No"
"g__Percavirus",2.08348347723186,0.97605384905153,4.44740154871207,0.0577862500696008,0.81182926168883,9,489,"No"
"g__Methanosphaerula",2.60177400476795,0.946672279158525,7.15055053466157,0.0637789916165356,0.813008226225632,4,494,"No"
"g__Delftia",0.341757085490132,0.107474846829955,1.08674642418895,0.068907845915337,0.834545677818756,494,4,"No"
"g__Ceetrepovirus",3.71602618943747,0.900213886197363,15.3395219206357,0.0695792479334693,0.834545677818756,3,495,"No"
"g__Caldivirga",6.20027460307256,0.848330302445916,45.316553048578,0.072195012068898,0.840794217479319,1,497,"No"
"g__Hyperthermus",2.45645430290026,0.902562298881273,6.6855969385344,0.0785297232496825,0.869223413683903,6,492,"No"
"g__Methanosalsum",3.50912678260394,0.858431281119984,14.3447367858291,0.0805547300348134,0.869223413683903,2,496,"No"
"g__Phifelvirus",5.60207496222242,0.759698604100767,41.3101244532452,0.0909593835424552,0.897051056318356,1,497,"No"
"g__Stenotrophomonas",0.371205595160377,0.117351709585031,1.1741933233493,0.091669107942816,0.897051056318356,494,4,"No"
"g__Karamvirus",3.34681768018589,0.817963760354161,13.693991258922,0.0928710810008899,0.897051056318356,3,495,"No"
"g__Thermochromatium",3.3509898090403,0.813993051952015,13.7951210681267,0.0939517636250316,0.897051056318356,491,7,"No"
"g__Limnospira",3.28465623055028,0.791444598910223,13.6319921416466,0.1014541107515,0.897051056318356,3,495,"No"
"g__Desulfocapsa",0.202859039970766,0.0284020051885181,1.44890439335942,0.111766193383846,0.915201303647426,9,489,"No"
"g__Longibaculum",0.205221275284093,0.0286606404682385,1.4694637363705,0.11485353216183,0.915201303647426,8,490,"No"
"g__Parascardovia",0.328371634780759,0.081174198444435,1.32835226703715,0.11834476639004,0.926179327460734,10,488,"No"
"g__Chengtivirus",0.209777751045561,0.0292226820908863,1.50590916661471,0.120451607226985,0.926179327460734,6,492,"No"
"g__Gammabaculovirus",4.82636098311234,0.652548205546854,35.6966123595242,0.123112443928741,0.927317735864924,1,497,"No"
"g__Deinococcus",0.493752416277011,0.201326965262571,1.21092297925135,0.123113250286563,0.927317735864924,491,7,"No"
"g__Barnyardvirus",2.96514751399812,0.725039459876697,12.1263741717788,0.130398107934875,0.936168094682241,3,495,"No"
"g__Paenibacillus",0.226105571229902,0.0306527910799299,1.66783276628515,0.144772540873876,0.967607654327269,497,1,"No"
"g__Timquatrovirus",2.3865362354024,0.740227144515464,7.69433442840958,0.145296437899535,0.967607654327269,4,494,"No"
"g__Ichnovirus",4.35903124751372,0.583978658669127,32.5374106309025,0.151144708405773,0.967607654327269,1,497,"No"
"g__Stappia",0.431035507539372,0.136292861968258,1.36317930430571,0.151981302506925,0.967607654327269,10,488,"No"
"g__Hydrogenobacter",1.81507670006516,0.798230066616934,4.12726050408279,0.154943018986615,0.967607654327269,8,490,"No"
"g__Wolinella",0.499410506402072,0.191743491969185,1.3007526427278,0.155142182456172,0.967607654327269,10,488,"No"
"g__Bymovirus",4.12867306729721,0.570043661492517,29.9028696363271,0.160435424577352,0.967607654327269,1,497,"No"
"g__Crocodylidpoxvirus",4.23719206622713,0.561986709946222,31.9470127822349,0.161254878466944,0.967607654327269,1,497,"No"
"g__Syntrophomonas",1.79323895196466,0.792048696381747,4.05998514173861,0.161276446961041,0.967607654327269,10,488,"No"
"g__Saliniradius",1.88475356325624,0.770684929825916,4.60927138540195,0.164807371336759,0.967607654327269,7,491,"No"
"g__Dactylococcopsis",0.249578767895141,0.0348706073851488,1.78630560391631,0.166903668799342,0.967607654327269,9,489,"No"
"g__Thermincola",0.251218027213728,0.0350410734225134,1.80104349076845,0.169275400504759,0.967607654327269,10,488,"No"
"g__Lysinimonas",1.87788156798221,0.762471411338408,4.62501168034246,0.170606640227793,0.967607654327269,10,488,"No"
"g__Tankvirus",4.36099402317852,0.524826578472586,36.2372441684414,0.17281703642449,0.967607654327269,2,496,"No"
"g__Kozakia",0.373383452823919,0.0898639258814485,1.55140342996624,0.17521226759638,0.967607654327269,8,490,"No"
"g__Salmonella",0.390192994492311,0.0960282025614023,1.58547769186375,0.188289518247184,0.967607654327269,495,3,"No"
"g__Desulfurococcus",2.15606134859936,0.682795586941075,6.80818773265629,0.190339132609052,0.967607654327269,5,493,"No"
"g__Shaspivirus",3.73433295644614,0.51618203248207,27.0161333639295,0.191898119996055,0.967607654327269,1,497,"No"
"g__Paraliobacillus",0.271721003411413,0.0380560924704341,1.94009155701588,0.193886407150774,0.967607654327269,8,490,"No"
"g__Trippvirus",3.71461512712828,0.506734860997697,27.2299512125986,0.196654056454244,0.967607654327269,1,497,"No"
"g__Bromovirus",3.72052392303125,0.505397780718968,27.3889177790928,0.197062194671685,0.967607654327269,1,497,"No"
"g__Fibrobacter",0.403621036634392,0.0999532375086505,1.6298615760167,0.202658874902844,0.967607654327269,9,489,"No"
"g__Magnetococcus",0.281586720988707,0.0393994817713398,2.01249046617792,0.206595632024222,0.967607654327269,7,491,"No"
"g__Micromonospora",3.62329859870087,0.479506349159652,27.3787672641987,0.212158936632298,0.967607654327269,496,2,"No"
"g__Sporolactobacillus",0.407820889332188,0.0979731715252689,1.69758593282653,0.217701025299759,0.967607654327269,4,494,"No"
"g__Pseudohongiella",2.4193065453973,0.591364014110753,9.89753184323125,0.219026527885871,0.967607654327269,2,496,"No"
"g__Methanosarcina",0.566545786112548,0.227784452485275,1.40911341516004,0.221619984922105,0.967607654327269,491,7,"No"
"g__Olivibacter",2.39609665934747,0.587720973098342,9.76871587663325,0.222956944174639,0.967607654327269,4,494,"No"
"g__Dysosmobacter",0.295085309576318,0.0405774223375094,2.14590614464093,0.227943752206779,0.967607654327269,7,491,"No"
"g__Nocardia",0.425460982372587,0.105002305637551,1.72393402623258,0.231273558354831,0.967607654327269,494,4,"No"
"g__Halohasta",0.424513384688123,0.104248966947287,1.72866570342601,0.231712427500572,0.967607654327269,7,491,"No"
"g__Caldisphaera",0.301901791039719,0.0420751881908797,2.1662337199658,0.233589590798062,0.967607654327269,5,493,"No"
"g__Pontimonas",0.434555183689584,0.107596206557266,1.75506380488408,0.241928780880547,0.967607654327269,10,488,"No"
"g__Flavobacterium",3.27347431847194,0.448049480929336,23.9161846398509,0.242518597627958,0.967607654327269,493,5,"No"
"g__Shimwellia",0.437281077694117,0.107934356441949,1.77158364780885,0.246532278174405,0.969063574209336,7,491,"No"
"g__Methanospirillum",0.436779573131662,0.106246932388038,1.79559438768847,0.250791777174787,0.969063574209336,9,489,"No"
"g__Flammeovirga",3.12164392087249,0.436756788157863,22.3114122846742,0.2566106138179,0.971271173300751,492,6,"No"
"g__Fromanvirus",1.66635775891026,0.678450826654531,4.092777356279,0.265367777186557,0.977620470911037,7,491,"No"
"g__Chryseobacterium",3.1743996707971,0.41235586986578,24.4371767358052,0.267316893977091,0.977620470911037,497,1,"No"
"g__Aviadenovirus",0.328841610752649,0.0457876992720046,2.36169990372312,0.26888357316516,0.978581081182818,6,492,"No"
"g__Alphapolyomavirus",3.02223629708432,0.411176652156928,22.2140828947844,0.277160116232355,0.990661537008827,2,496,"No"
"g__Pyrodictium",0.33839285598316,0.0472870835416051,2.42158569326208,0.280525529347725,0.994650237546734,4,494,"No"
"g__Muromegalovirus",0.341787701739616,0.0473810733880201,2.46551681309072,0.28693435391758,0.998550217345829,6,492,"No"
"g__Halobellus",1.70449380768178,0.629295500853211,4.61674862840507,0.294206200358436,0.998550217345829,6,492,"No"
"g__Vequintavirus",2.90682087899193,0.394206482452813,21.4344715235749,0.295202193142631,0.998550217345829,1,497,"No"
"g__Intestinimonas",0.355603306778547,0.0493075257624115,2.56459252084875,0.305040517467764,0.998550217345829,5,493,"No"
"g__Halodesulfurarchaeum",0.4816659489778,0.118790659205866,1.95303307478597,0.306416966517115,0.998550217345829,9,489,"No"
"g__Hepatovirus",2.08690204986934,0.508206532244214,8.56966585320476,0.307356378300656,0.998550217345829,3,495,"No"
"g__Phikzvirus",2.77258542856748,0.384905718941067,19.9717218539997,0.311416749669122,0.998550217345829,1,497,"No"
"g__Marseillevirus",2.06785981197005,0.505462486417034,8.45966677422792,0.312135614976833,0.998550217345829,3,495,"No"
"g__Mitovirus",2.71292226293996,0.37551671437182,19.5995196034544,0.322571766340697,0.998550217345829,1,497,"No"
"g__Velarivirus",2.73308352807312,0.370836171278189,20.1429799732806,0.323851626636278,0.998550217345829,1,497,"No"
"g__Nitratiruptor",0.496152989399686,0.122517446984061,2.00924680484298,0.326020142616669,0.998550217345829,9,489,"No"
"g__Ascovirus",2.00916552270159,0.49522014210025,8.15141742921186,0.328836631162226,0.998550217345829,2,496,"No"
"g__Polerovirus",2.66525318312811,0.362749758986786,19.5825754647387,0.335346167066674,0.998550217345829,1,497,"No"
"g__Endomicrobium",0.381172151951405,0.0531142643207292,2.73546496937097,0.337458843974663,0.998550217345829,4,494,"No"
"g__Methylovorus",0.508513121022188,0.125795103284558,2.05560937985628,0.342673169627414,0.998550217345829,10,488,"No"
"g__Acidiphilium",1.53642968171754,0.625031566134376,3.77679511686479,0.349343708812535,0.998550217345829,9,489,"No"
"g__Methanomethylovorans",0.513031161345503,0.126402437577579,2.0822460195831,0.350411453609608,0.998550217345829,9,489,"No"
"g__Zymobacter",1.52503358575108,0.621826510756011,3.74015484615025,0.35652796208058,0.998550217345829,8,490,"No"
"g__Arthrobacter",2.5149924637447,0.349809394744728,18.081810230707,0.359486009980842,0.998550217345829,494,4,"No"
"g__Coriobacterium",0.398684000962325,0.0557126312712777,2.85301428053843,0.359746232408032,0.998550217345829,8,490,"No"
"g__Betaentomopoxvirus",2.52972299078798,0.346222896018763,18.4837527607489,0.360369577197963,0.998550217345829,3,495,"No"
"g__Sedimentitalea",0.524384205620367,0.129525463067024,2.12297094789628,0.365574261248058,0.998550217345829,7,491,"No"
"g__Ornithinimicrobium",2.46437985189325,0.343552355950573,17.6775619471843,0.369621158224197,0.998550217345829,494,4,"No"
"g__Gammapapillomavirus",2.45157490186148,0.338194617035225,17.7714818530394,0.374934042914727,0.998550217345829,2,496,"No"
"g__Zymoseptoria",0.408818998134462,0.0558791317951853,2.99097297803874,0.378347140283842,0.998550217345829,497,1,"No"
"g__Mesotoga",0.416259524610368,0.0582525355359281,2.97449699373139,0.382377603323602,0.998550217345829,5,493,"No"
"g__Alphatectivirus",2.04204614272018,0.410583075123293,10.156172286805,0.383031536382007,0.998550217345829,3,495,"No"
"g__Alphacoronavirus",1.85904475736321,0.456213621746629,7.57550245134735,0.386999911707433,0.998550217345829,2,496,"No"
"g__Biseptimavirus",0.415587610880966,0.0567263294526911,3.0446719183865,0.387490672596495,0.998550217345829,2,496,"No"
"g__Halalkaliarchaeum",1.85812424854428,0.455550754105353,7.57901439502344,0.387703065764428,0.998550217345829,3,495,"No"
"g__Thermogladius",1.65369650449026,0.523697269189792,5.22193314697661,0.391222793089032,0.998550217345829,4,494,"No"
"g__Boseongicola",0.608340532575014,0.193451048445715,1.91303281397051,0.395185126705417,0.998550217345829,10,488,"No"
"g__Kazachstania",0.436606271200512,0.0606421634421975,3.14344055738239,0.410613986005841,0.998550217345829,497,1,"No"
"g__Reyvirus",2.29039312067221,0.318122764450398,16.4901768544782,0.410613986005845,0.998550217345829,1,497,"No"
"g__Methanothermus",0.445544614644569,0.0620688545355336,3.19822244383668,0.421449222502451,0.998550217345829,4,494,"No"
"g__Tetrapisispora",0.624963860327438,0.197278294955159,1.97984186148888,0.424293501026533,0.998550217345829,493,5,"No"
"g__Massilia",0.660589975961433,0.237594351152894,1.83665610829237,0.426782989681187,0.998550217345829,494,4,"No"
"g__Thalassolituus",0.629506678776612,0.200642501003416,1.975048440099,0.427582844744862,0.998550217345829,10,488,"No"
"g__Halostagnicola",1.75181549839723,0.431237961588535,7.11639005323212,0.433086702094099,0.998550217345829,5,493,"No"
"g__Enterovibrio",0.572359315393936,0.141256770610435,2.31914678852225,0.434436278168578,0.998550217345829,7,491,"No"
"g__Stygiolobus",0.572507739287586,0.14110710621618,2.32281080898957,0.435082737161846,0.998550217345829,7,491,"No"
"g__Spongiibacter",1.747437170527,0.429094310356337,7.11623666695473,0.435954484848676,0.998550217345829,5,493,"No"
"g__Dichelobacter",1.57756428481135,0.50038303912477,4.9736079725352,0.436485097680349,0.998550217345829,7,491,"No"
"g__Scheffersomyces",1.76331038251053,0.407611929506387,7.62799928067541,0.447843753190834,0.998550217345829,495,3,"No"
"g__Potexvirus",1.705884804379,0.42114332372128,6.90986370173853,0.454273260975691,0.998550217345829,3,495,"No"
"g__Potyvirus",0.471863197476732,0.0658528397219769,3.38109758171384,0.454750804351701,0.998550217345829,6,492,"No"
"g__Methanoregula",0.647151515959409,0.206636768109192,2.02676942947179,0.45499039007192,0.998550217345829,10,488,"No"
"g__Haematospirillum",1.45421237684302,0.537033886107627,3.93780297979114,0.461264006070965,0.998550217345829,9,489,"No"
"g__Devriesea",1.531888628717,0.484607642958022,4.84243863028739,0.467646220494162,0.998550217345829,6,492,"No"
"g__Sasvirus",2.07737886515012,0.281668614410976,15.3212062991008,0.473286596285156,0.998550217345829,1,497,"No"
"g__Thermosphaera",0.599508363988964,0.147966404362668,2.4289992045208,0.473535490343048,0.998550217345829,6,492,"No"
"g__Oceanicoccus",0.601727026528618,0.148604098550586,2.43651028461856,0.47654383203012,0.998550217345829,8,490,"No"
"g__Physarum",2.01593427051913,0.280219217294272,14.5028989171207,0.486205452106423,0.998550217345829,1,497,"No"
"g__Pregotovirus",2.13818853865464,0.251737785416934,18.1611601105574,0.486276275700163,0.998550217345829,1,497,"No"
"g__Cryptobacterium",1.42231491888379,0.524024376636224,3.86046874663573,0.489249680540337,0.998550217345829,7,491,"No"
"g__Fervidicoccus",0.670060535186979,0.213812864228878,2.09987889379025,0.492078770235487,0.998550217345829,9,489,"No"
"g__Cheoctovirus",0.61333493377895,0.151167872161623,2.48849001851022,0.493902569810317,0.998550217345829,6,492,"No"
"g__Otariodibacter",1.61980660717284,0.40095146710426,6.54386792394137,0.49837785874976,0.998550217345829,3,495,"No"
"g__Aciduliprofundum",0.672680010470496,0.211738554265192,2.13706189719164,0.501407022480305,0.998550217345829,10,488,"No"
"g__Teseptimavirus",0.514187331294683,0.071652136431199,3.68989153474602,0.508277484844497,0.998550217345829,3,495,"No"
"g__Norovirus",1.95066801052837,0.266062552410162,14.3015454554941,0.510948481767968,0.998550217345829,1,497,"No"
"g__Novibacillus",0.683970214662993,0.217115678922302,2.15468204262464,0.516475076534605,0.998550217345829,8,490,"No"
"g__Almendravirus",1.91456939485952,0.266770033814763,13.7405836604497,0.51834305549495,0.998550217345829,2,496,"No"
"g__Nocardioides",0.721272839526507,0.266163640840639,1.95456639906016,0.520625360217816,0.998550217345829,491,7,"No"
"g__Batrachovirus",1.88601423384108,0.260452465697481,13.6571933797037,0.5299327417647,0.998550217345829,2,496,"No"
"g__Ureaplasma",1.33621534544537,0.538321803146722,3.31673626995386,0.532067864629502,0.998550217345829,10,488,"No"
"g__Basfia",1.32629833983003,0.543812673405955,3.23469343812579,0.534725014024887,0.998550217345829,9,489,"No"
"g__Winklervirus",1.86624416634406,0.259212720644589,13.4363285866231,0.535599658504079,0.998550217345829,2,496,"No"
"g__Caldimicrobium",0.696649244809996,0.221176593668612,2.1942655063288,0.53690265783628,0.998550217345829,10,488,"No"
"g__Paraburkholderia",1.55212775256606,0.383465658180076,6.28244148829215,0.537704162752333,0.998550217345829,490,8,"No"
"g__Gilvibacter",0.690827092156055,0.209888934254536,2.27378386074432,0.542849949793687,0.998550217345829,4,494,"No"
"g__Sulfuricurvum",1.86245701456938,0.250993938686505,13.8200394370926,0.543079173017347,0.998550217345829,2,496,"No"
"g__Chromobacterium",1.4430967721618,0.438796040722588,4.74600520641525,0.545939353419001,0.998550217345829,492,6,"No"
"g__Caulimovirus",1.83331183601839,0.255511379658327,13.1541393286653,0.546609267002883,0.998550217345829,2,496,"No"
"g__Ferriphaselus",0.737129071797373,0.273172035287095,1.9890735445076,0.547045531971347,0.998550217345829,490,8,"No"
"g__Thermosynechococcus",1.35701500613172,0.497346266631575,3.7026310448427,0.551099571517198,0.998550217345829,10,488,"No"
"g__Limnobaculum",0.654430825503044,0.161472232358312,2.65234275338579,0.552635947645556,0.998550217345829,7,491,"No"
"g__Aliiarcobacter",0.707994092779022,0.225846153140415,2.21945615827402,0.553612984339007,0.998550217345829,8,490,"No"
"g__Begomovirus",1.80518328917511,0.250916127742639,12.9871552571521,0.557424893833583,0.998550217345829,2,496,"No"
"g__Schizotequatrovirus",1.80309861535059,0.250619148885217,12.9725307548955,0.558201841936857,0.998550217345829,3,495,"No"
"g__Waddlia",1.40525701683941,0.44452298202022,4.44239637375275,0.562351431184815,0.998550217345829,6,492,"No"
"g__Halovivax",0.559844031303019,0.0776012721506408,4.03892011946904,0.565042665630372,0.998550217345829,2,496,"No"
"g__Methylomusa",1.40092154388568,0.443385079623509,4.42635817558298,0.565728626450654,0.998550217345829,6,492,"No"
"g__Pedobacter",0.760657856900819,0.294216646973843,1.96657932586794,0.572420743049214,0.998550217345829,492,6,"No"
"g__Palaeococcus",1.49294606532829,0.366020817044309,6.08951144357837,0.576352573904551,0.998550217345829,3,495,"No"
"g__Methanotorris",1.28710846564096,0.524341620231982,3.15948255565081,0.581719294477568,0.998550217345829,8,490,"No"
"g__Methylorubrum",0.755310233906211,0.278139866580007,2.05110312469123,0.581930982476932,0.998550217345829,492,6,"No"
"g__Obesumbacterium",1.32153551025947,0.480724380564295,3.63296761197488,0.588959145188213,0.998550217345829,9,489,"No"
"g__Candidatus",0.781806393044129,0.319720780942138,1.9117344653155,0.589508967395241,0.998550217345829,489,9,"No"
"g__Cellulosilyticum",0.7282159621835,0.22954850165453,2.3101805664449,0.590274797292824,0.998550217345829,10,488,"No"
"g__Sepunavirus",1.71746803130034,0.23805863223924,12.3906300342612,0.591656124341895,0.998550217345829,2,496,"No"
"g__Nepovirus",0.584212321033532,0.0809071136018449,4.21846758403706,0.594124106320303,0.998550217345829,2,496,"No"
"g__Minunavirus",1.69279977257553,0.231225328114841,12.3929808788444,0.604287704512235,0.998550217345829,1,497,"No"
"g__Pseudopedobacter",1.6715107245129,0.233259195296011,11.9778690765698,0.609152317953115,0.998550217345829,495,3,"No"
"g__Pecentumvirus",1.67133437066793,0.232106545091947,12.0348117605619,0.610105080023665,0.998550217345829,1,497,"No"
"g__Saccharolobus",0.741544220398123,0.23113492443892,2.37907720843448,0.615141844639582,0.998550217345829,6,492,"No"
"g__Iltovirus",0.605387781229023,0.0844345520477669,4.34057334080559,0.617528264432194,0.998550217345829,2,496,"No"
"g__Arthrospira",0.703896492233512,0.174226169996481,2.84383380400688,0.622100773317931,0.998550217345829,6,492,"No"
"g__Methanolacinia",1.32992108497597,0.422356467440215,4.18767138332981,0.626120637713214,0.998550217345829,7,491,"No"
"g__Mycoplasma",1.41361521772744,0.348618946814358,5.73206936126365,0.627940808034101,0.998550217345829,491,7,"No"
"g__Anphevirus",1.61362466354594,0.224240075698686,11.611593274266,0.634647229393603,0.998550217345829,1,497,"No"
"g__Yatapoxvirus",1.5876725903515,0.219624682058011,11.4773268219809,0.646930968061841,0.998550217345829,2,496,"No"
"g__Halapricum",0.723043809525593,0.178898761499956,2.92228043453174,0.64905144667224,0.998550217345829,7,491,"No"
"g__Alphaendornavirus",1.58725316076593,0.214794715699403,11.7292112525114,0.650736696326844,0.998550217345829,1,497,"No"
"g__Noxifervirus",1.22633481276572,0.497403958181387,3.02349237127044,0.657656955190624,0.998550217345829,10,488,"No"
"g__Allofrancisella",1.29430271723207,0.411291891503761,4.07306722656118,0.659185870672453,0.998550217345829,7,491,"No"
"g__Paramecium",0.64926829950819,0.0907226740876957,4.64657076067635,0.667095879256181,0.998550217345829,6,492,"No"
"g__Chloroherpeton",0.739799526348681,0.18309420234425,2.98918989338999,0.672285804570198,0.998550217345829,7,491,"No"
"g__Salinarchaeum",1.26879679837828,0.400672234868277,4.01786092341593,0.685623474887645,0.998550217345829,7,491,"No"
"g__Anaplasma",0.753817010529854,0.185358136960068,3.06563334463479,0.692965344462473,0.998550217345829,7,491,"No"
"g__Libanicoccus",0.759578310181722,0.187635258019241,3.07489762526058,0.69989690309685,0.998550217345829,8,490,"No"
"g__Pakpunavirus",0.678627083485569,0.0938380510377057,4.90776090666119,0.700940529331716,0.998550217345829,2,496,"No"
"g__Ureibacillus",1.19132341683025,0.484911303546735,2.92682697455686,0.70266070453282,0.998550217345829,10,488,"No"
"g__Tlsvirus",0.681164521672625,0.0917507416994854,5.05701749098883,0.707379347504321,0.998550217345829,1,497,"No"
"g__Samistivirus",0.687409725563071,0.0959915827254388,4.92264131273117,0.709024018149191,0.998550217345829,3,495,"No"
"g__Moineauvirus",0.69838247798084,0.0969811708479499,5.02920392985717,0.721548031481081,0.998550217345829,2,496,"No"
"g__Atadenovirus",0.698846177333841,0.0969489414281159,5.03755866108392,0.722175861163007,0.998550217345829,2,496,"No"
"g__Deltapolyomavirus",1.42442527469632,0.196970495150889,10.3009710243119,0.725993941682786,0.998550217345829,2,496,"No"
"g__Marivivens",0.779443669152953,0.19055655100977,3.18820019654674,0.728816050379013,0.998550217345829,6,492,"No"
"g__Methanothermococcus",1.16818416690799,0.476783695047394,2.86220829694871,0.733865865583454,0.998550217345829,8,490,"No"
"g__Betanudivirus",1.3973308933233,0.193508464483857,10.0901716658424,0.740129932833622,0.998550217345829,1,497,"No"
"g__Proboscivirus",0.833220039966885,0.265505381381532,2.61484581363256,0.754517330044798,0.998550217345829,7,491,"No"
"g__Thermodesulfovibrio",1.15096368615204,0.468625715014959,2.82681330621902,0.759084702934554,0.998550217345829,10,488,"No"
"g__Halanaeroarchaeum",0.739146714713772,0.101649480224499,5.37472365491239,0.765243648676602,0.998550217345829,5,493,"No"
"g__Neptunomonas",0.814580162063397,0.201897605088814,3.28652160155809,0.773226297969358,0.998550217345829,8,490,"No"
"g__Dehalobacter",1.1815957577616,0.371673953728601,3.75643361810526,0.777354393993112,0.998550217345829,7,491,"No"
"g__Dictyostelium",1.21837212216518,0.299782811168477,4.95168693055937,0.782486254729138,0.998550217345829,494,4,"No"
"g__Paracoccus",1.2172266154331,0.299091906934622,4.95379714049764,0.783701831906699,0.998550217345829,493,5,"No"
"g__Schaalia",0.762639349575679,0.103743491139158,5.60631583856234,0.790062500255545,0.998550217345829,496,2,"No"
"g__Paraglaciecola",0.777831687197224,0.106876069011929,5.66096918797184,0.804059950413302,0.998550217345829,3,495,"No"
"g__Ledantevirus",0.780024127912397,0.1084788993426,5.60881096519904,0.805049178808212,0.998550217345829,2,496,"No"
"g__Dyokappapapillomavirus",1.18673079280977,0.292052246263065,4.82218504607688,0.810847647533541,0.998550217345829,3,495,"No"
"g__Chiangmaivirus",1.27338951128994,0.175075463901537,9.26183950239408,0.811316685272425,0.998550217345829,2,496,"No"
"g__Parolsenella",1.18140528749788,0.291192814620382,4.79310746437026,0.815525985160982,0.998550217345829,7,491,"No"
"g__Janthinobacterium",1.26369304534742,0.1765193787219,9.04671274294098,0.81573052004814,0.998550217345829,495,3,"No"
"g__Betaretrovirus",0.900056951564797,0.36638444523521,2.21107234926431,0.81838523937238,0.998550217345829,10,488,"No"
"g__Kochikohdavirus",0.804629857542364,0.112290041473296,5.76568678000369,0.828720624388753,0.998550217345829,3,495,"No"
"g__Methanomassiliicoccus",1.11561009059195,0.412076032165033,3.02028212534362,0.829537292970388,0.998550217345829,10,488,"No"
"g__Methanocorpusculum",1.16168614111006,0.286747930186111,4.70627526263671,0.833695764502873,0.998550217345829,5,493,"No"
"g__Panicovirus",1.16025601999183,0.287086045595291,4.68916567900702,0.834762345732512,0.998550217345829,7,491,"No"
"g__Eneladusvirus",0.875856969145589,0.215723277271439,3.55606237817184,0.852907232109015,0.998550217345829,7,491,"No"
"g__Tobamovirus",0.83144648302502,0.115403321733042,5.99032370778579,0.854635025081927,0.998550217345829,4,494,"No"
"g__Metakosakonia",0.932290519585122,0.400683779831186,2.1692058841875,0.870736883932621,0.998550217345829,9,489,"No"
"g__Thermodesulfobium",0.916621296506278,0.290682538141518,2.89041992883592,0.881886709999818,0.998550217345829,6,492,"No"
"g__Marinitoga",0.906180568385941,0.224483242054108,3.65801569420643,0.889946604851463,0.998550217345829,5,493,"No"
"g__Thermosediminibacter",0.905788673680231,0.219682780044501,3.73471749220032,0.891109003675072,0.998550217345829,4,494,"No"
"g__Gimesia",1.07861793017691,0.343565136707485,3.38630587040518,0.896840681990005,0.998550217345829,7,491,"No"
"g__Orthohepadnavirus",0.933194170498512,0.297507761848772,2.92715509148656,0.905636977573302,0.998550217345829,7,491,"No"
"g__Agarivorans",1.06398938903483,0.335920257171244,3.3700659481265,0.916023179493554,0.998550217345829,5,493,"No"
"g__Brevefilum",1.04840688332253,0.42934156438508,2.56009919415167,0.917344976910425,0.998550217345829,10,488,"No"
"g__Mastadenovirus",1.07485931029971,0.266101111192341,4.34166746527745,0.919273875156953,0.998550217345829,494,4,"No"
"g__Fluoribacter",1.05311212726177,0.387052813413348,2.86535871630889,0.919286970873718,0.998550217345829,10,488,"No"
"g__Lessievirus",0.90592727320154,0.126229343199318,6.50169131462936,0.921733686695964,0.998550217345829,5,493,"No"
"g__Halogeometricum",1.05935493443352,0.333324251742546,3.36679035876289,0.922142100523918,0.998550217345829,7,491,"No"
"g__Geoglobus",1.0574023452542,0.332780552310298,3.35987097799669,0.924611878248048,0.998550217345829,7,491,"No"
"g__Parasaccharibacter",1.05227413840264,0.334485827066251,3.31039695183172,0.930563738513216,0.998550217345829,7,491,"No"
"g__Dinovernavirus",1.09088970446952,0.14924927950117,7.97350815558387,0.931690590118329,0.998550217345829,1,497,"No"
"g__Iotapapillomavirus",1.08569221198762,0.149988744222563,7.85877357184544,0.935115950234313,0.998550217345829,1,497,"No"
"g__Tidunavirus",1.08569221198762,0.149988744222563,7.85877357184544,0.935115950234313,0.998550217345829,1,497,"No"
"g__Escherichia",0.961166826109547,0.303274978255102,3.04621790076069,0.946344418801136,0.998550217345829,492,6,"No"
"g__Ictalurivirus",1.0686387806944,0.147379574709765,7.74862355148556,0.947635434797373,0.998550217345829,2,496,"No"
"g__Badnavirus",0.939532807862795,0.131106070705112,6.7328834759757,0.950503544643907,0.998550217345829,3,495,"No"
"g__Alphanudivirus",1.03098751670903,0.326817640349374,3.25238031360102,0.958479333600949,0.998550217345829,6,492,"No"
"g__Woodruffvirus",1.05015031171469,0.143935233871598,7.6618882502269,0.96150934984706,0.998550217345829,2,496,"No"
"g__Ichthyobacterium",1.0276394276677,0.32036874604202,3.29633525849205,0.963431978484188,0.998550217345829,7,491,"No"
"g__Chlamydia",1.02634721986821,0.322226812597941,3.26909051186122,0.9649066133501,0.998550217345829,491,7,"No"
"g__Chloracidobacterium",1.01661407667636,0.407976287093977,2.53324571449534,0.971783136531582,0.998550217345829,490,8,"No"
"g__Molluscipoxvirus",0.986521534201132,0.364286077947008,2.67159465145448,0.978701257470224,0.998550217345829,9,489,"No"
"g__Naumovozyma",1.01310667856948,0.2463939160703,4.16562697055085,0.985597938006851,0.998550217345829,495,3,"No"
"g__Flavivirus",0.985004398120606,0.136207463456186,7.12320485014414,0.988057814031648,0.998550217345829,4,494,"No"
"g__Methanolinea",2.80356817710004e-07,0,Inf,0.990728035878244,0.998550217345829,4,494,"No"
"g__Alphaentomopoxvirus",3.13503585962127e-07,0,Inf,0.990744480964006,0.998550217345829,2,496,"No"
"g__Betaarterivirus",3.13503585962127e-07,0,Inf,0.990744480964006,0.998550217345829,1,497,"No"
"g__Respirovirus",7.04979402428035e-07,0,Inf,0.990849806569456,0.998550217345829,2,496,"No"
"g__Lwoffvirus",7.97222190985449e-07,0,Inf,0.991209460756396,0.998550217345829,2,496,"No"
"g__Inhella",3530823.52154788,0,Inf,0.991238442776091,0.998550217345829,493,5,"No"
"g__Iodobacter",1.0886210688076e-07,0,Inf,0.991241776967493,0.998550217345829,7,491,"No"
"g__Cutibacterium",927498.860504961,0,Inf,0.991251677238293,0.998550217345829,496,2,"No"
"g__Neurospora",1105584.72990722,0,Inf,0.991316409586933,0.998550217345829,497,1,"No"
"g__Gammatorquevirus",9.04498742803974e-07,0,Inf,0.991316409601403,0.998550217345829,1,497,"No"
"g__Tatlockia",7.97399959141824e-07,0,Inf,0.991370797980753,0.998550217345829,2,496,"No"
"g__Cucumovirus",7.52523209578691e-07,0,Inf,0.991596633215596,0.998550217345829,2,496,"No"
"g__Siadenovirus",3.38517253268002e-07,0,Inf,0.991771385770066,0.998550217345829,2,496,"No"
"g__Pestivirus",2.36336305010945e-07,0,Inf,0.991798522593803,0.998550217345829,2,496,"No"
"g__Luzseptimavirus",7.22684905471342e-07,0,Inf,0.991859636406007,0.998550217345829,1,497,"No"
"g__Triatovirus",7.22684905471342e-07,0,Inf,0.991859636406007,0.998550217345829,1,497,"No"
"g__Scleroulivirus",1.04417024419311e-06,0,Inf,0.991861267749525,0.998550217345829,1,497,"No"
"g__Hapunavirus",8.77194864660271e-07,0,Inf,0.991901589312315,0.998550217345829,1,497,"No"
"g__Theileria",1139997.55090935,0,Inf,0.991901589340296,0.998550217345829,497,1,"No"
"g__Glossinavirus",5.68679802385028e-07,0,Inf,0.991918114024088,0.998550217345829,1,497,"No"
"g__Pomovirus",6.61293983153044e-07,0,Inf,0.991971416296704,0.998550217345829,2,496,"No"
"g__Mivirus",8.50170592626606e-07,0,Inf,0.992197936167703,0.998550217345829,1,497,"No"
"g__Gaiavirus",7.90248104757913e-07,0,Inf,0.992213376990149,0.998550217345829,1,497,"No"
"g__Mieseafarmvirus",7.90248104757913e-07,0,Inf,0.992213376990149,0.998550217345829,1,497,"No"
"g__Orthopoxvirus",2.9564001129738e-07,0,Inf,0.992238612457722,0.998550217345829,3,495,"No"
"g__Asfivirus",1.10007026937917e-07,0,Inf,0.992293788374189,0.998550217345829,6,492,"No"
"g__Skunavirus",8.13434742179902e-07,0,Inf,0.992331569148789,0.998550217345829,1,497,"No"
"g__Chakrabartyvirus",2.89283484689359e-06,0,Inf,0.992460927871751,0.998550217345829,1,497,"No"
"g__Ephemerovirus",2.89283484689359e-06,0,Inf,0.992460927871751,0.998550217345829,1,497,"No"
"g__Orbivirus",5.16791375229879e-07,0,Inf,0.992478738558213,0.998550217345829,1,497,"No"
"g__Ionavirus",7.51641841072982e-07,0,Inf,0.992488918680234,0.998550217345829,1,497,"No"
"g__Closterovirus",8.85104098520549e-06,0,Inf,0.992515833891835,0.998550217345829,1,497,"No"
"g__Nickievirus",8.11094785145441e-07,0,Inf,0.992528934912719,0.998550217345829,1,497,"No"
"g__Trichomonasvirus",2.39439585847233e-06,0,Inf,0.99257997918463,0.998550217345829,1,497,"No"
"g__Varicellovirus",2.64202898164304e-07,0,Inf,0.992582356883317,0.998550217345829,5,493,"No"
"g__Weaselvirus",2.66214096669126e-07,0,Inf,0.992620795704486,0.998550217345829,4,494,"No"
"g__Geobacter",139937.296229333,0,Inf,0.992633790437849,0.998550217345829,497,1,"No"
"g__Shewanella",1700012.4955942,0,Inf,0.992634546859769,0.998550217345829,497,1,"No"
"g__Orthoreovirus",2.66209316758211e-07,0,Inf,0.99271318009433,0.998550217345829,2,496,"No"
"g__Certrevirus",9.859802361907e-07,0,Inf,0.992721985129833,0.998550217345829,1,497,"No"
"g__Pithovirus",9.859802361907e-07,0,Inf,0.992721985129833,0.998550217345829,1,497,"No"
"g__Lagovirus",4.62077348439187e-07,0,Inf,0.992727454744533,0.998550217345829,2,496,"No"
"g__Avisivirus",3.5391910423269e-07,0,Inf,0.99273599774563,0.998550217345829,1,497,"No"
"g__Desulfurobacterium",9.70056043710368e-08,0,Inf,0.992778098478986,0.998550217345829,6,492,"No"
"g__Obolenskvirus",1.42806514966716e-05,0,Inf,0.992806454893253,0.998550217345829,1,497,"No"
"g__Toursvirus",6.49719347033753e-07,0,Inf,0.992814687525139,0.998550217345829,1,497,"No"
"g__Tijeunavirus",6.88659270193582e-07,0,Inf,0.992843553627373,0.998550217345829,1,497,"No"
"g__Morganella",64803.1207171924,0,Inf,0.992856425112555,0.998550217345829,497,1,"No"
"g__Cepunavirus",7.16070372764946e-07,0,Inf,0.992863423475779,0.998550217345829,1,497,"No"
"g__Busanvirus",2.27443552458468e-06,0,Inf,0.992923561166626,0.998550217345829,1,497,"No"
"g__Prymnesiovirus",3.61317251677358e-07,0,Inf,0.99294862823554,0.998550217345829,2,496,"No"
"g__Mooglevirus",2.85453049537682e-07,0,Inf,0.992990141878788,0.998550217345829,2,496,"No"
"g__Piscihepevirus",2.93571193893526e-07,0,Inf,0.993002241413036,0.998550217345829,1,497,"No"
"g__Amigovirus",7.87147012096756e-07,0,Inf,0.993028573174128,0.998550217345829,1,497,"No"
"g__Viunavirus",9.2834655338538e-07,0,Inf,0.993031592577749,0.998550217345829,1,497,"No"
"g__Alphamesonivirus",1.08382626540795e-06,0,Inf,0.993223232859272,0.998550217345829,1,497,"No"
"g__Avulavirus",7.60477385481783e-07,0,Inf,0.993237767297278,0.998550217345829,1,497,"No"
"g__Deltacoronavirus",7.60477385481783e-07,0,Inf,0.993237767297278,0.998550217345829,1,497,"No"
"g__Halorussus",3.7111937268759e-07,0,Inf,0.993239869206472,0.998550217345829,2,496,"No"
"g__Steinhofvirus",6.6162906818844e-07,0,Inf,0.993279248852122,0.998550217345829,1,497,"No"
"g__Kagunavirus",6.23278652794946e-07,0,Inf,0.993320081507601,0.998550217345829,1,497,"No"
"g__Machinavirus",7.83998649350554e-07,0,Inf,0.993323994120171,0.998550217345829,1,497,"No"
"g__Coccolithovirus",2.66829557891966e-07,0,Inf,0.993327098211668,0.998550217345829,2,496,"No"
"g__Wizardvirus",2.83139365179044e-06,0,Inf,0.993364963033839,0.998550217345829,1,497,"No"
"g__Thornevirus",1.13158583038662e-06,0,Inf,0.993390561332395,0.998550217345829,1,497,"No"
"g__Unaquatrovirus",7.89069233666171e-07,0,Inf,0.993394912422667,0.998550217345829,1,497,"No"
"g__Megalocytivirus",1.0863438529641e-06,0,Inf,0.993406872865363,0.998550217345829,1,497,"No"
"g__Twortvirus",1.09622966764678e-06,0,Inf,0.993411172446867,0.998550217345829,2,496,"No"
"g__Aparavirus",8.66531227131626e-07,0,Inf,0.993471989539847,0.998550217345829,1,497,"No"
"g__Pyrolobus",8.66531227131626e-07,0,Inf,0.993471989539847,0.998550217345829,1,497,"No"
"g__Klementvirus",7.06433030715122e-07,0,Inf,0.993478813048235,0.998550217345829,1,497,"No"
"g__Camvirus",1.34026278206259e-06,0,Inf,0.993506846683299,0.998550217345829,1,497,"No"
"g__Alphavirus",6.05240477980447e-07,0,Inf,0.993507081709485,0.998550217345829,1,497,"No"
"g__Fletchervirus",6.05240477980447e-07,0,Inf,0.993507081709485,0.998550217345829,1,497,"No"
"g__Macavirus",6.05240477980447e-07,0,Inf,0.993507081709485,0.998550217345829,1,497,"No"
"g__Sapovirus",3.43590742661723e-07,0,Inf,0.993631974226974,0.998550217345829,1,497,"No"
"g__Deltainfluenzavirus",2.3214669423768e-07,0,Inf,0.993670840410509,0.998550217345829,1,497,"No"
"g__Rudivirus",2.3214669423768e-07,0,Inf,0.993670840410509,0.998550217345829,1,497,"No"
"g__Unahavirus",2.3214669423768e-07,0,Inf,0.993670840410509,0.998550217345829,1,497,"No"
"g__Bradyrhizobium",614548.761197566,0,Inf,0.993722577022374,0.998550217345829,497,1,"No"
"g__Leporipoxvirus",1.15460980114636e-06,0,Inf,0.993827172580898,0.998550217345829,1,497,"No"
"g__Caeruleovirus",4.31765860343633e-07,0,Inf,0.993849725491332,0.998550217345829,2,496,"No"
"g__Cytorhabdovirus",8.96033033117734e-07,0,Inf,0.993928743902894,0.998550217345829,1,497,"No"
"g__Parapoxvirus",4.67506883973846e-05,0,Inf,0.994098483513147,0.998550217345829,1,497,"No"
"g__Vicosavirus",4.67506883973846e-05,0,Inf,0.994098483513147,0.998550217345829,1,497,"No"
"g__Erythroparvovirus",2.82883726053208e-06,0,Inf,0.994129304858752,0.998550217345829,1,497,"No"
"g__Gaprivervirus",8.70993516251756e-07,0,Inf,0.994279173923815,0.998550217345829,1,497,"No"
"g__Waikavirus",1.00547744002564e-06,0,Inf,0.994337651713596,0.998550217345829,1,497,"No"
"g__Jeilongvirus",2.70747651185008e-06,0,Inf,0.994515289153728,0.998550217345829,1,497,"No"
"g__Porphyrobacter",0.995446428041373,0.24449166324834,4.05295451769175,0.994916558101119,0.998550217345829,493,5,"No"
"g__Gelderlandvirus",5.60837758952194e-06,0,Inf,0.995021383021238,0.998550217345829,1,497,"No"
"g__Phascolarctobacterium",5.60837758952194e-06,0,Inf,0.995021383021238,0.998550217345829,2,496,"No"
"g__Abidjanvirus",2.16557052450778e-05,0,Inf,0.995540760761999,0.998550217345829,1,497,"No"
"g__Natronobacterium",1.00544304302312,0.139880881120315,7.2269755857063,0.995696168756217,0.998550217345829,3,495,"No"
"g__Acetobacter",NA,NA,NA,NA,NA,498,0,"No"
"g__Acinetobacter",NA,NA,NA,NA,NA,498,0,"No"
"g__Agrobacterium",NA,NA,NA,NA,NA,498,0,"No"
"g__Ananas",NA,NA,NA,NA,NA,498,0,"No"
"g__Arabidopsis",NA,NA,NA,NA,NA,498,0,"No"
"g__Arachis",NA,NA,NA,NA,NA,498,0,"No"
"g__Asparagus",NA,NA,NA,NA,NA,498,0,"No"
"g__Aspergillus",NA,NA,NA,NA,NA,498,0,"No"
"g__Babesia",NA,NA,NA,NA,NA,498,0,"No"
"g__Bacillus",NA,NA,NA,NA,NA,498,0,"No"
"g__Barnesiella",NA,NA,NA,NA,NA,498,0,"No"
"g__Besnoitia",NA,NA,NA,NA,NA,498,0,"No"
"g__Beta",NA,NA,NA,NA,NA,498,0,"No"
"g__Botrytis",NA,NA,NA,NA,NA,498,0,"No"
"g__Brachypodium",NA,NA,NA,NA,NA,498,0,"No"
"g__Brassica",NA,NA,NA,NA,NA,498,0,"No"
"g__Burkholderia",NA,NA,NA,NA,NA,498,0,"No"
"g__Cajanus",NA,NA,NA,NA,NA,498,0,"No"
"g__Camelina",NA,NA,NA,NA,NA,498,0,"No"
"g__Candida",NA,NA,NA,NA,NA,498,0,"No"
"g__Cannabis",NA,NA,NA,NA,NA,498,0,"No"
"g__Capsicum",NA,NA,NA,NA,NA,498,0,"No"
"g__Cercospora",NA,NA,NA,NA,NA,498,0,"No"
"g__Cicer",NA,NA,NA,NA,NA,498,0,"No"
"g__Citrus",NA,NA,NA,NA,NA,498,0,"No"
"g__Clostridium",NA,NA,NA,NA,NA,498,0,"No"
"g__Coffea",NA,NA,NA,NA,NA,498,0,"No"
"g__Colletotrichum",NA,NA,NA,NA,NA,498,0,"No"
"g__Comamonas",NA,NA,NA,NA,NA,498,0,"No"
"g__Corynebacterium",NA,NA,NA,NA,NA,498,0,"No"
"g__Cryptococcus",NA,NA,NA,NA,NA,498,0,"No"
"g__Cucumis",NA,NA,NA,NA,NA,498,0,"No"
"g__Cucurbita",NA,NA,NA,NA,NA,498,0,"No"
"g__Cupriavidus",NA,NA,NA,NA,NA,498,0,"No"
"g__Cynara",NA,NA,NA,NA,NA,498,0,"No"
"g__Daucus",NA,NA,NA,NA,NA,498,0,"No"
"g__Elaeis",NA,NA,NA,NA,NA,498,0,"No"
"g__Encephalitozoon",NA,NA,NA,NA,NA,498,0,"No"
"g__Enterococcus",NA,NA,NA,NA,NA,498,0,"No"
"g__Eremothecium",NA,NA,NA,NA,NA,498,0,"No"
"g__Fragaria",NA,NA,NA,NA,NA,498,0,"No"
"g__Frankia",NA,NA,NA,NA,NA,498,0,"No"
"g__Fusarium",NA,NA,NA,NA,NA,498,0,"No"
"g__Gammaretrovirus",NA,NA,NA,NA,NA,498,0,"No"
"g__Glycine",NA,NA,NA,NA,NA,498,0,"No"
"g__Gossypium",NA,NA,NA,NA,NA,498,0,"No"
"g__Guillardia",NA,NA,NA,NA,NA,498,0,"No"
"g__Halobacteriovorax",NA,NA,NA,NA,NA,498,0,"No"
"g__Halomonas",NA,NA,NA,NA,NA,498,0,"No"
"g__Helianthus",NA,NA,NA,NA,NA,498,0,"No"
"g__Homo",NA,NA,NA,NA,NA,498,0,"No"
"g__Hymenobacter",NA,NA,NA,NA,NA,498,0,"No"
"g__Ipomoea",NA,NA,NA,NA,NA,498,0,"No"
"g__Klebsiella",NA,NA,NA,NA,NA,498,0,"No"
"g__Kluyveromyces",NA,NA,NA,NA,NA,498,0,"No"
"g__Lactobacillus",NA,NA,NA,NA,NA,498,0,"No"
"g__Leishmania",NA,NA,NA,NA,NA,498,0,"No"
"g__Lelliottia",NA,NA,NA,NA,NA,498,0,"No"
"g__Lupinus",NA,NA,NA,NA,NA,498,0,"No"
"g__Malassezia",NA,NA,NA,NA,NA,498,0,"No"
"g__Malus",NA,NA,NA,NA,NA,498,0,"No"
"g__Manihot",NA,NA,NA,NA,NA,498,0,"No"
"g__Medicago",NA,NA,NA,NA,NA,498,0,"No"
"g__Microbacterium",NA,NA,NA,NA,NA,498,0,"No"
"g__Micromonas",NA,NA,NA,NA,NA,498,0,"No"
"g__Musa",NA,NA,NA,NA,NA,498,0,"No"
"g__Mycobacterium",NA,NA,NA,NA,NA,498,0,"No"
"g__Mycobacteroides",NA,NA,NA,NA,NA,498,0,"No"
"g__Neospora",NA,NA,NA,NA,NA,498,0,"No"
"g__Nicotiana",NA,NA,NA,NA,NA,498,0,"No"
"g__Nitrosomonas",NA,NA,NA,NA,NA,498,0,"No"
"g__Nonanavirus",NA,NA,NA,NA,NA,498,0,"No"
"g__Nymphaea",NA,NA,NA,NA,NA,498,0,"No"
"g__Olea",NA,NA,NA,NA,NA,498,0,"No"
"g__Oryza",NA,NA,NA,NA,NA,498,0,"No"
"g__Panicum",NA,NA,NA,NA,NA,498,0,"No"
"g__Papaver",NA,NA,NA,NA,NA,498,0,"No"
"g__Pasteurella",NA,NA,NA,NA,NA,498,0,"No"
"g__Phaeodactylum",NA,NA,NA,NA,NA,498,0,"No"
"g__Phaeovirus",NA,NA,NA,NA,NA,1,497,"No"
"g__Phaseolus",NA,NA,NA,NA,NA,498,0,"No"
"g__Physcomitrella",NA,NA,NA,NA,NA,498,0,"No"
"g__Plaisancevirus",NA,NA,NA,NA,NA,1,497,"No"
"g__Plasmodium",NA,NA,NA,NA,NA,498,0,"No"
"g__Populus",NA,NA,NA,NA,NA,498,0,"No"
"g__Prunus",NA,NA,NA,NA,NA,498,0,"No"
"g__Pseudomonas",NA,NA,NA,NA,NA,498,0,"No"
"g__Punica",NA,NA,NA,NA,NA,498,0,"No"
"g__Pyricularia",NA,NA,NA,NA,NA,498,0,"No"
"g__Quercus",NA,NA,NA,NA,NA,498,0,"No"
"g__Ralstonia",NA,NA,NA,NA,NA,498,0,"No"
"g__Rhizobium",NA,NA,NA,NA,NA,498,0,"No"
"g__Rhodococcus",NA,NA,NA,NA,NA,498,0,"No"
"g__Rhodopseudomonas",NA,NA,NA,NA,NA,498,0,"No"
"g__Rosa",NA,NA,NA,NA,NA,498,0,"No"
"g__Saccharomyces",NA,NA,NA,NA,NA,498,0,"No"
"g__Sesamum",NA,NA,NA,NA,NA,498,0,"No"
"g__Setaria",NA,NA,NA,NA,NA,498,0,"No"
"g__Solanum",NA,NA,NA,NA,NA,498,0,"No"
"g__Sorghum",NA,NA,NA,NA,NA,498,0,"No"
"g__Sphingobacterium",NA,NA,NA,NA,NA,498,0,"No"
"g__Sphingomonas",NA,NA,NA,NA,NA,497,1,"No"
"g__Sporisorium",NA,NA,NA,NA,NA,498,0,"No"
"g__Staphylococcus",NA,NA,NA,NA,NA,498,0,"No"
"g__Streptococcus",NA,NA,NA,NA,NA,498,0,"No"
"g__Streptomyces",NA,NA,NA,NA,NA,498,0,"No"
"g__Sugiyamaella",NA,NA,NA,NA,NA,498,0,"No"
"g__Thalassiosira",NA,NA,NA,NA,NA,498,0,"No"
"g__Theobroma",NA,NA,NA,NA,NA,498,0,"No"
"g__Thermothelomyces",NA,NA,NA,NA,NA,498,0,"No"
"g__Thermothielavioides",NA,NA,NA,NA,NA,498,0,"No"
"g__Toxoplasma",NA,NA,NA,NA,NA,498,0,"No"
"g__Trypanosoma",NA,NA,NA,NA,NA,498,0,"No"
"g__Ustilago",NA,NA,NA,NA,NA,498,0,"No"
"g__Vigna",NA,NA,NA,NA,NA,498,0,"No"
"g__Vitis",NA,NA,NA,NA,NA,498,0,"No"
"g__Zea",NA,NA,NA,NA,NA,498,0,"No"
"g__Ziziphus",NA,NA,NA,NA,NA,498,0,"No"
